key,description,en,nb_auto,fr_auto,,,,,,,,,,,,,,,,,,,,,,,,,,,,,,,,,,,,,,,,,,,,,,,,,,,
,,,#VALUE!,,,,,,,,,,,,,,,,,,,,,,,,,,,,,,,,,,,,,,,,,,,,,,,,,,,,
,menu,,#VALUE!,,,,,,,,,,,,,,,,,,,,,,,,,,,,,,,,,,,,,,,,,,,,,,,,,,,,
home.en,,Home,Hjem,Accueil,,,,,,,,,,,,,,,,,,,,,,,,,,,,,,,,,,,,,,,,,,,,,,,,,,,
menu.1,,Catalog,Katalog,Perceuse,,,,,,,,,,,,,,,,,,,,,,,,,,,,,,,,,,,,,,,,,,,,,,,,,,,
,,,#VALUE!,Meuleuse d'angle,,,,,,,,,,,,,,,,,,,,,,,,,,,,,,,,,,,,,,,,,,,,,,,,,,,
,,,#VALUE!,Batterie au lithium,,,,,,,,,,,,,,,,,,,,,,,,,,,,,,,,,,,,,,,,,,,,,,,,,,,
,,,#VALUE!,Autre,,,,,,,,,,,,,,,,,,,,,,,,,,,,,,,,,,,,,,,,,,,,,,,,,,,
,,,#VALUE!,Accessoires,,,,,,,,,,,,,,,,,,,,,,,,,,,,,,,,,,,,,,,,,,,,,,,,,,,
,,,#VALUE!,,,,,,,,,,,,,,,,,,,,,,,,,,,,,,,,,,,,,,,,,,,,,,,,,,,,
,,,#VALUE!,,,,,,,,,,,,,,,,,,,,,,,,,,,,,,,,,,,,,,,,,,,,,,,,,,,,
descripton.1,,"Discover the Full Bafang Catalog
Explore our complete selection of Bafang products, a global leader in electric mobility solutions. From high-performance mid-drive motors and hub motors to advanced batteries, displays, sensors, and accessories, our catalog brings together everything you need to upgrade, repair, or build your e-bike with trusted Bafang quality.
Whether you’re a commuter, mountain biker, DIY builder, or professional installer, Bafang offers reliable, efficient, and durable components designed for smooth power delivery and an exceptional riding experience. Browse the entire collection and find the perfect parts to boost performance, enhance comfort, and enjoy the freedom of electric cycling.
","Oppdag hele Bafang-katalogen
Utforsk vårt komplette utvalg av Bafang-produkter, en global leder innen elektriske mobilitetsløsninger. Fra høytytende midtmotorer og navmotorer til avanserte batterier, displayer, sensorer og tilbehør, samler katalogen vår alt du trenger for å oppgradere, reparere eller bygge din elsykkel med pålitelig Bafang-kvalitet.
Enten du er pendler, terrengsyklist, gjør-det-selv-bygger eller profesjonell installatør, tilbyr Bafang pålitelige, effektive og slitesterke komponenter designet for jevn kraftlevering og en eksepsjonell kjøreopplevelse. Bla gjennom hele kolleksjonen og finn de perfekte delene for å øke ytelsen, forbedre komforten og nyte friheten ved elsykling.
","Les perceuses Makita offrent une puissance, une précision et une durabilité exceptionnelles, aussi bien pour les professionnels que pour les bricoleurs. Dotées de moteurs sans balais de pointe, de poignées ergonomiques et de batteries longue durée, elles garantissent un perçage efficace du bois, du métal et de la maçonnerie. Que ce soit pour la construction, la rénovation ou les travaux du quotidien, les perceuses Makita offrent fiabilité et confort d'utilisation, ce qui en fait des outils indispensables à toute boîte à outils.",,,,,,,,,,,,,,,,,,,,,,,,,,,,,,,,,,,,,,,,,,,,,,,,,,,
descripton.2,,"Explore our complete selection of Bafang products, a global leader in electric mobility solutions. From high-performance mid-drive motors and hub motors to advanced batteries, displays, sensors, and accessories, our catalog brings together everything you need to upgrade, repair, or build your e-bike with trusted Bafang quality.","Utforsk vårt komplette utvalg av Bafang-produkter, en global leder innen elektriske mobilitetsløsninger. Fra høytytende midtmotorer og navmotorer til avanserte batterier, skjermer, sensorer og tilbehør, samler katalogen vår alt du trenger for å oppgradere, reparere eller bygge elsykkelen din med pålitelig Bafang-kvalitet.","Les meuleuses d'angle Makita sont conçues pour les travaux de découpe, de meulage et de polissage les plus exigeants. Dotées de moteurs haute performance, de systèmes de refroidissement optimisés et de dispositifs de sécurité tels que le démarrage progressif et la protection contre les surcharges, elles offrent un fonctionnement fluide et précis. Idéales pour la métallurgie, la construction et la fabrication, les meuleuses Makita garantissent une grande durabilité et la précision nécessaire pour travailler sans effort les matériaux les plus résistants.",,,,,,,,,,,,,,,,,,,,,,,,,,,,,,,,,,,,,,,,,,,,,,,,,,,
descripton.3,,"Whether you’re a commuter, mountain biker, DIY builder, or professional installer, Bafang offers reliable, efficient, and durable components designed for smooth power delivery and an exceptional riding experience. Browse the entire collection and find the perfect parts to boost performance, enhance comfort, and enjoy the freedom of electric cycling.","Enten du er pendler, terrengsyklist, gjør-det-selv-bygger eller profesjonell installatør, tilbyr Bafang pålitelige, effektive og slitesterke komponenter designet for jevn kraftlevering og en eksepsjonell sykeopplevelse. Bla gjennom hele kolleksjonen og finn de perfekte delene for å øke ytelsen, forbedre komforten og nyte friheten ved elektrisk sykling.","Les batteries lithium Makita offrent une puissance exceptionnelle, une autonomie prolongée et une charge rapide pour garantir des performances optimales de tous vos outils. Dotées d'une technologie de protection avancée, elles préviennent la surchauffe et prolongent leur durée de vie. Légères et compatibles avec une large gamme d'outils sans fil Makita, ces batteries fournissent une énergie constante et une grande fiabilité, assurant une productivité continue sur tous vos chantiers.",,,,,,,,,,,,,,,,,,,,,,,,,,,,,,,,,,,,,,,,,,,,,,,,,,,
descripton.4,,"Makita’s additional tools and accessories include saws, sanders, blowers, chargers, and more—each designed with the same commitment to innovation and durability. These products enhance productivity and provide versatile solutions for construction, woodworking, and maintenance tasks. With reliable performance and ergonomic designs, Makita’s accessory range completes any professional or home workshop.","Makitas tilleggsverktøy og tilbehør inkluderer sager, slipemaskiner, blåsere, ladere og mer – alle designet med samme forpliktelse til innovasjon og holdbarhet. Disse produktene forbedrer produktiviteten og gir allsidige løsninger for bygg-, trebearbeidings- og vedlikeholdsoppgaver. Med pålitelig ytelse og ergonomisk design kompletterer Makitas tilbehørssortiment ethvert profesjonelt verksted eller hjemmeverksted.","La gamme d'outils et d'accessoires Makita comprend des scies, des ponceuses, des souffleurs, des chargeurs et bien plus encore, tous conçus avec le même souci d'innovation et de durabilité. Ces produits optimisent la productivité et offrent des solutions polyvalentes pour les travaux de construction, de menuiserie et d'entretien. Grâce à leurs performances fiables et à leur conception ergonomique, les accessoires Makita complètent parfaitement tout atelier, professionnel ou amateur.",,,,,,,,,,,,,,,,,,,,,,,,,,,,,,,,,,,,,,,,,,,,,,,,,,,
descripton.5,,test description 5,testbeskrivelse 5,,,,,,,,,,,,,,,,,,,,,,,,,,,,,,,,,,,,,,,,,,,,,,,,,,,,
,,,#VALUE!,,,,,,,,,,,,,,,,,,,,,,,,,,,,,,,,,,,,,,,,,,,,,,,,,,,,
,,,#VALUE!,,,,,,,,,,,,,,,,,,,,,,,,,,,,,,,,,,,,,,,,,,,,,,,,,,,,
meta.title.menu.1,,"Bafang Catalog – Motors, Batteries & E-Bike Parts","Bafang-katalog – Motorer, batterier og elsykkeldeler",Perceuses Makita – Outils sans fil puissants et fiables,,,,,,,,,,,,,,,,,,,,,,,,,,,,,,,,,,,,,,,,,,,,,,,,,,,
meta.title.menu.2,,Makita Angle Grinders – Cutting & Grinding Performance,Makita vinkelslipere – skjære- og slipeytelse,Meuleuses d'angle Makita – Performances de coupe et de meulage,,,,,,,,,,,,,,,,,,,,,,,,,,,,,,,,,,,,,,,,,,,,,,,,,,,
meta.title.menu.3,,Makita Lithium Batteries – Long-Lasting Power,Makita litiumbatterier – langvarig kraft,Batteries au lithium Makita – Une puissance longue durée,,,,,,,,,,,,,,,,,,,,,,,,,,,,,,,,,,,,,,,,,,,,,,,,,,,
meta.title.menu.4,,Makita Tools & Accessories – Complete Your Kit,Makita Verktøy og tilbehør – Fullfør settet ditt,Outils et accessoires Makita – Complétez votre kit,,,,,,,,,,,,,,,,,,,,,,,,,,,,,,,,,,,,,,,,,,,,,,,,,,,
meta.title.menu.5,,Bafang official store,Bafang offisiell butikk,,,,,,,,,,,,,,,,,,,,,,,,,,,,,,,,,,,,,,,,,,,,,,,,,,,,
,,,#VALUE!,,,,,,,,,,,,,,,,,,,,,,,,,,,,,,,,,,,,,,,,,,,,,,,,,,,,
,,,#VALUE!,,,,,,,,,,,,,,,,,,,,,,,,,,,,,,,,,,,,,,,,,,,,,,,,,,,,
meta.des.menu.1,,"Explore the full Bafang catalog: e-bike motors, batteries, displays, sensors, and accessories. Premium components for upgrades, repairs, and DIY electric bikes.","Utforsk hele Bafang-katalogen: elsykkelmotorer, batterier, displayer, sensorer og tilbehør. Premiumkomponenter for oppgraderinger, reparasjoner og gjør-det-selv-elsykler.","Découvrez les perceuses Makita, conçues pour la précision, la puissance et la durabilité. Idéales pour les professionnels et les bricoleurs, elles sont équipées de moteurs sans balais et de batteries longue durée.",,,,,,,,,,,,,,,,,,,,,,,,,,,,,,,,,,,,,,,,,,,,,,,,,,,
meta.des.menu.2,,"Discover Makita angle grinders designed for tough cutting and grinding tasks. High performance, safety features, and long-lasting durability.","Oppdag Makita vinkelslipere designet for tøffe skjære- og slipeoppgaver. Høy ytelse, sikkerhetsfunksjoner og langvarig holdbarhet.","Découvrez les meuleuses d'angle Makita, conçues pour les travaux de découpe et de meulage les plus exigeants. Haute performance, sécurité renforcée et grande durabilité.",,,,,,,,,,,,,,,,,,,,,,,,,,,,,,,,,,,,,,,,,,,,,,,,,,,
meta.des.menu.3,,"Find Makita lithium batteries offering extended runtime, fast charging, and reliability. Compatible with a wide range of Makita tools.","Finn Makita litiumbatterier som tilbyr lengre driftstid, rask lading og pålitelighet. Kompatibel med et bredt utvalg av Makita-verktøy.","Découvrez les batteries lithium Makita offrant une autonomie prolongée, une charge rapide et une grande fiabilité. Compatibles avec une large gamme d'outils Makita.",,,,,,,,,,,,,,,,,,,,,,,,,,,,,,,,,,,,,,,,,,,,,,,,,,,
meta.des.menu.4,,"Explore Makita accessories including saws, sanders, chargers, and more. Durable, efficient tools to support every professional task.","Utforsk Makita-tilbehør, inkludert sager, slipemaskiner, ladere og mer. Slitesterke og effektive verktøy som støtter alle profesjonelle oppgaver.","Découvrez les accessoires Makita, notamment les scies, les ponceuses, les chargeurs et bien plus encore. Des outils robustes et performants pour vous accompagner dans toutes vos tâches professionnelles.",,,,,,,,,,,,,,,,,,,,,,,,,,,,,,,,,,,,,,,,,,,,,,,,,,,
meta.des.menu.5,,"Explore Bafang accessories including saws, sanders, chargers, and more. Durable, efficient tools to support every professional task.","Utforsk Bafang-tilbehør, inkludert sager, slipemaskiner, ladere og mer. Slitesterke og effektive verktøy som støtter alle profesjonelle oppgaver.",,,,,,,,,,,,,,,,,,,,,,,,,,,,,,,,,,,,,,,,,,,,,,,,,,,,
,,,#VALUE!,,,,,,,,,,,,,,,,,,,,,,,,,,,,,,,,,,,,,,,,,,,,,,,,,,,,
,,,#VALUE!,,,,,,,,,,,,,,,,,,,,,,,,,,,,,,,,,,,,,,,,,,,,,,,,,,,,
,,,#VALUE!,,,,,,,,,,,,,,,,,,,,,,,,,,,,,,,,,,,,,,,,,,,,,,,,,,,,
,,,#VALUE!,,,,,,,,,,,,,,,,,,,,,,,,,,,,,,,,,,,,,,,,,,,,,,,,,,,,
,Footer,,#VALUE!,,,,,,,,,,,,,,,,,,,,,,,,,,,,,,,,,,,,,,,,,,,,,,,,,,,,
,,,#VALUE!,,,,,,,,,,,,,,,,,,,,,,,,,,,,,,,,,,,,,,,,,,,,,,,,,,,,
footer.link.home,Lien footer Accueil,Home,Hjem,Maison,,,,,,,,,,,,,,,,,,,,,,,,,,,,,,,,,,,,,,,,,,,,,,,,,,,
footer.link.sitemap,Lien footer Plan du site,Site map,Nettstedskart,Plan du site,,,,,,,,,,,,,,,,,,,,,,,,,,,,,,,,,,,,,,,,,,,,,,,,,,,
footer.link.conditions,Lien footer Conditions,Terms of Use,Bruksvilkår,Conditions d'utilisation,,,,,,,,,,,,,,,,,,,,,,,,,,,,,,,,,,,,,,,,,,,,,,,,,,,
footer.link.mentions,Lien footer Mentions légales,Legal notice,Juridisk merknad,Avis juridique,,,,,,,,,,,,,,,,,,,,,,,,,,,,,,,,,,,,,,,,,,,,,,,,,,,
footer.link.policy,Lien footer Politique,Privacy Policy,Personvernerklæring,politique de confidentialité,,,,,,,,,,,,,,,,,,,,,,,,,,,,,,,,,,,,,,,,,,,,,,,,,,,
footer.link.aboutus,Lien footer about us,About us,Om oss,À propos de nous,,,,,,,,,,,,,,,,,,,,,,,,,,,,,,,,,,,,,,,,,,,,,,,,,,,
,,,#VALUE!,,,,,,,,,,,,,,,,,,,,,,,,,,,,,,,,,,,,,,,,,,,,,,,,,,,,
,,,#VALUE!,,,,,,,,,,,,,,,,,,,,,,,,,,,,,,,,,,,,,,,,,,,,,,,,,,,,
legal.conditions.title,Titre page Conditions d'utilisation,Terms of Use - AliExpress Affiliate Makita Program,Bruksvilkår – AliExpress-tilknyttet Makita-program,Conditions d'utilisation - Programme d'affiliation AliExpress Makita,,,,,,,,,,,,,,,,,,,,,,,,,,,,,,,,,,,,,,,,,,,,,,,,,,,
legal.mentions.title,Titre page Mentions légales,Legal Notice - AliExpress Affiliate Program,Juridisk merknad – AliExpress-tilknyttet program,Mentions légales - Programme d'affiliation AliExpress,,,,,,,,,,,,,,,,,,,,,,,,,,,,,,,,,,,,,,,,,,,,,,,,,,,
legal.policy.title,Titre page Politique de confidentialité,Privacy Policy - AliExpress Affiliate Program,Personvernerklæring – AliExpress-tilknyttet program,Politique de confidentialité - Programme d'affiliation AliExpress,,,,,,,,,,,,,,,,,,,,,,,,,,,,,,,,,,,,,,,,,,,,,,,,,,,
legal.aboutus.title,Titre page about us,About us – BAFANG,Om oss – BAFANG,À propos de nous – MAKITA,,,,,,,,,,,,,,,,,,,,,,,,,,,,,,,,,,,,,,,,,,,,,,,,,,,
,,,#VALUE!,,,,,,,,,,,,,,,,,,,,,,,,,,,,,,,,,,,,,,,,,,,,,,,,,,,,
legal.conditions.meta.description,Description SEO Conditions,AliExpress Affiliate Site Terms of Use,Bruksvilkår for AliExpress-tilknyttede nettsteder,Conditions d'utilisation du site affilié AliExpress,,,,,,,,,,,,,,,,,,,,,,,,,,,,,,,,,,,,,,,,,,,,,,,,,,,
legal.mentions.meta.description,Description SEO Mentions légales,Legal notices for the AliExpress affiliate website,Juridiske merknader for AliExpress-tilknyttede nettsteder,Mentions légales du site affilié AliExpress,,,,,,,,,,,,,,,,,,,,,,,,,,,,,,,,,,,,,,,,,,,,,,,,,,,
legal.policy.meta.description,Description SEO Politique,AliExpress Affiliate Site Privacy Policy,AliExpress tilknyttede nettsteds personvernregler,Politique de confidentialité du site affilié AliExpress,,,,,,,,,,,,,,,,,,,,,,,,,,,,,,,,,,,,,,,,,,,,,,,,,,,
legal.aboutus.meta.description,Description SEO About us,Learn about Makita: A global leader in professional power tools since 1915. Discover our LXT® cordless technology and durable tools for professionals.,Lær om Makita: En global leder innen profesjonelle elektroverktøy siden 1915. Oppdag vår trådløse LXT®-teknologi og slitesterke verktøy for profesjonelle.,Découvrez Makita : leader mondial des outils électroportatifs professionnels depuis 1915. Découvrez notre technologie sans fil LXT® et nos outils durables conçus pour les professionnels.,,,,,,,,,,,,,,,,,,,,,,,,,,,,,,,,,,,,,,,,,,,,,,,,,,,
,,,#VALUE!,,,,,,,,,,,,,,,,,,,,,,,,,,,,,,,,,,,,,,,,,,,,,,,,,,,,
legal.conditions.content,Contenu de la page conditions,"Terms of Use Last updated: 2024 1. Acceptance of Terms By accessing and using this website, you agree to be bound by these terms of use. If you do not agree to these terms, please do not use this site. 2. Description of Service This site is an affiliate site that provides links to products available on AliExpress. We do not sell the products directly, but earn a commission on sales made through our affiliate links. 3. Affiliate Links All links to AliExpress are affiliate links. By clicking on these links and making a purchase, we may receive a commission at no additional cost to you. 4. Liability We are not responsible for the quality, availability, or delivery of products sold on AliExpress. All disputes concerning products must be resolved directly with AliExpress or the seller. 5. Intellectual Property The content of this site, including text, images, and logos, is protected by intellectual property laws. Any unauthorized reproduction is prohibited. 6. Modifications We reserve the right to modify these terms of use at any time. Modifications will take effect immediately upon their posting on the website. 7. Contact For any questions regarding these terms of use, you can contact us at: contact@evanstudio.com","Bruksvilkår Sist oppdatert: 2024 1. Aksept av vilkår Ved å gå inn på og bruke dette nettstedet, godtar du å være bundet av disse bruksvilkårene. Hvis du ikke godtar disse vilkårene, vennligst ikke bruk dette nettstedet. 2. Beskrivelse av tjenesten Dette nettstedet er et tilknyttet nettsted som tilbyr lenker til produkter som er tilgjengelige på AliExpress. Vi selger ikke produktene direkte, men tjener provisjon på salg gjort gjennom våre tilknyttede lenker. 3. Tilknyttede lenker Alle lenker til AliExpress er tilknyttede lenker. Ved å klikke på disse lenkene og foreta et kjøp, kan vi motta en provisjon uten ekstra kostnad for deg. 4. Ansvar Vi er ikke ansvarlige for kvaliteten, tilgjengeligheten eller leveringen av produkter som selges på AliExpress. Alle tvister angående produkter må løses direkte med AliExpress eller selgeren. 5. Immaterielle rettigheter Innholdet på dette nettstedet, inkludert tekst, bilder og logoer, er beskyttet av lover om immaterielle rettigheter. All uautorisert reproduksjon er forbudt. 6. Endringer Vi forbeholder oss retten til å endre disse bruksvilkårene når som helst. Endringer trer i kraft umiddelbart etter at de publiseres på nettstedet. 7. Kontakt Hvis du har spørsmål angående disse bruksvilkårene, kan du kontakte oss på: contact@evanstudio.com","Conditions d'utilisation Dernière mise à jour : 2024 1. Acceptation des conditions En accédant à ce site Web et en l'utilisant, vous acceptez d'être lié par les présentes conditions d'utilisation. Si vous n'acceptez pas ces conditions, veuillez ne pas utiliser ce site. 2. Description du service Ce site est un site affilié qui fournit des liens vers des produits disponibles sur AliExpress. Nous ne vendons pas les produits directement, mais percevons une commission sur les ventes réalisées via nos liens d'affiliation. 3. Liens d'affiliation Tous les liens vers AliExpress sont des liens d'affiliation. En cliquant sur ces liens et en effectuant un achat, nous pouvons recevoir une commission sans frais supplémentaires pour vous. 4. Responsabilité Nous ne sommes pas responsables de la qualité, de la disponibilité ou de la livraison des produits vendus sur AliExpress. Tout litige concernant les produits doit être résolu directement avec AliExpress ou le vendeur. 5. Propriété intellectuelle Le contenu de ce site, y compris les textes, les images et les logos, est protégé par les lois sur la propriété intellectuelle. Toute reproduction non autorisée est interdite. 6. Modifications Nous nous réservons le droit de modifier les présentes conditions d'utilisation à tout moment. Les modifications entreront en vigueur immédiatement après leur publication sur le site Web. 7. Contact Pour toute question concernant les présentes conditions d'utilisation, vous pouvez nous contacter à l'adresse suivante : contact@evanstudio.com",,,,,,,,,,,,,,,,,,,,,,,,,,,,,,,,,,,,,,,,,,,,,,,,,,,
legal.mentions.content,Contenu de la page mentions,"<p>Last updated: 2024</p>

<h2>1. Website Publisher</h2>
<ul>
    <li>Company name: EVAN STUDIO CO.LTD</li>
    <li>Email: contact@evanstudio.net</li>
</ul>

<h2>2. Publication Director</h2>
<p>EVAN STUDIO CO.LTD (Director and Owner)</p>

<h2>3. Hosting</h2>
<ul>
    <li>Host: Cloudflare</li>
    <li>Address: 101 Townsend St, San Francisco, CA 94107, USA</li>
</ul>

<h2>4. Intellectual Property</h2>
<p>This entire website is governed by French and international legislation on copyright and intellectual property. All rights of reproduction are reserved, including for downloadable documents and iconographic and photographic representations. Reproduction of all or part of this website on any electronic medium whatsoever is strictly prohibited without the express authorization of the publication director.</p>

<h2>5. Protection of Personal Data</h2>
<p>In accordance with the French Data Protection Act of 6 January 1978, as amended, and the General Data Protection Regulation (GDPR), you have the right to access, rectify, erase, and object to the processing of your personal data. To exercise this right, you can contact us at: contact@alxgroup.com</p>

<h2>6. External Links</h2>
<p>This site contains links to external websites. We are not responsible for the content of these external websites or their privacy policies.</p>

<h2>7. Cookies</h2>
<p>This site may use cookies to improve the user experience. For more information, please see our <a href=""https://policies.google.com/privacy?hl=en-US"">Privacy Policy</a>.</p>

<h2>8. Contact</h2>
<p>For any questions regarding these legal notices, you can contact us at: contact@evanstudio.com</p>","<p>Sist oppdatert: 2024</p>

<h2>1. Nettstedsutgiver</h2>
<ul>
<li>Firmanavn: EVAN STUDIO CO.LTD</li>
<li>E-post: contact@evanstudio.net</li>
</ul>

<h2>2. Publikasjonsdirektør</h2>
<p>EVAN STUDIO CO.LTD (Direktør og eier)</p>

<h2>3. Hosting</h2>
<ul>
<li>Host: Cloudflare</li>
<li>Adresse: 101 Townsend St, San Francisco, CA 94107, USA</li>
</ul>

<h2>4. Immateriell eiendom</h2>
<p>Hele dette nettstedet er underlagt fransk og internasjonal lovgivning om opphavsrett og immateriell eiendom. Alle rettigheter til reproduksjon er forbeholdt, inkludert nedlastbare dokumenter og ikonografiske og fotografiske representasjoner. Reproduksjon av hele eller deler av dette nettstedet på ethvert elektronisk medium er strengt forbudt uten uttrykkelig tillatelse fra publiseringssjefen.</p>

<h2>5. Beskyttelse av personopplysninger</h2>
<p>I samsvar med den franske personvernloven av 6. januar 1978, med endringer, og personvernforordningen (GDPR), har du rett til å få tilgang til, rette, slette og protestere mot behandlingen av dine personopplysninger. For å utøve denne retten kan du kontakte oss på: contact@alxgroup.com</p>

<h2>6. Eksterne lenker</h2>
<p>Dette nettstedet inneholder lenker til eksterne nettsteder. Vi er ikke ansvarlige for innholdet på disse eksterne nettstedene eller deres personvernregler.</p>

<h2>7. Informasjonskapsler</h2>
<p>Dette nettstedet kan bruke informasjonskapsler for å forbedre brukeropplevelsen. For mer informasjon, se vår <a href=""https://policies.google.com/privacy?hl=en-US"">personvernpolicy</a>.</p>

<h2>8. Kontakt</h2>
<p>Hvis du har spørsmål angående disse juridiske merknadene, kan du kontakte oss på: contact@evanstudio.com</p>","<p>Dernière mise à jour : 2024</p>

<h2>1. Éditeur du site web</h2>

<ul>

<li>Nom de l’entreprise : EVAN STUDIO CO.LTD</li>

<li>Courriel : contact@evanstudio.net</li>

</ul>

<h2>2. Directeur de la publication</h2>

<p>EVAN STUDIO CO.LTD (Directeur et propriétaire)</p>

<h2>3. Hébergement</h2>

<ul>
<li>Hébergeur : Cloudflare</li>

<li>Adresse : 101 Townsend St, San Francisco, CA 94107, États-Unis</li>

</ul>

<h2>4. Propriété intellectuelle</h2>

<p>L’intégralité de ce site web est protégée par la législation française et internationale sur le droit d’auteur et la propriété intellectuelle. Tous les droits de reproduction sont réservés, y compris pour les documents téléchargeables et les représentations iconographiques et photographiques. La reproduction de tout ou partie de ce site web sur quelque support électronique que ce soit est strictement interdite sans l'autorisation expresse du directeur de la publication.

5. Protection des données personnelles

Conformément à la loi Informatique et Libertés du 6 janvier 1978 modifiée et au Règlement général sur la protection des données (RGPD), vous disposez d'un droit d'accès, de rectification, d'effacement et d'opposition au traitement de vos données personnelles. Pour exercer ce droit, vous pouvez nous contacter à l'adresse : contact@alxgroup.com

6. Liens externes

Ce site contient des liens vers des sites web externes. Nous ne sommes pas responsables du contenu de ces sites ni de leurs politiques de confidentialité.

7. Cookies

Ce site peut utiliser des cookies afin d'améliorer votre expérience utilisateur. Pour plus d'informations, veuillez consulter notre <a href=""https://policies.google.com/privacy?hl=en-US"">Politique de confidentialité</a>.</p>

<h2>8. Contact</h2>

<p>Pour toute question concernant ces mentions légales, vous pouvez nous contacter à l'adresse : contact@evanstudio.com</p>",,,,,,,,,,,,,,,,,,,,,,,,,,,,,,,,,,,,,,,,,,,,,,,,,,,
legal.policy.content,Contenu de la page policy,"<p>Last updated: 2024</p>

<h2>1. Introduction</h2>
<p>This privacy policy describes how we collect, use, and protect your personal information when you use our website.</p>

<h2>2. Data Collected</h2>
<ul>
    <li>Browsing data: IP address, browser type, pages visited, visit duration</li>
    <li>Cookies: to improve your user experience and analyze traffic</li>
    <li>Contact data: if you contact us via the form or email</li>
</ul>

<h2>3. Use of Data</h2>
<ul>
    <li>Improve the website's functionality</li>
    <li>Analyze website traffic and usage</li>
    <li>Contact you in response to your inquiries</li>
    <li>Comply with our legal obligations</li>
</ul>

<h2>4. Cookies</h2>
<ul>
    <li>Remember your preferences</li>
    <li>Analyze website traffic</li>
    <li>Improve the user experience</li>
</ul>
<p>You can disable cookies in your browser settings, but this may affect some website functionality.</p>

<h2>5. Data Sharing</h2>
<p>We do not sell, rent, or share your personal data with third parties, except:</p>
<ul>
    <li>When required by law</li>
    <li>With your explicit consent</li>
    <li>With our service providers (hosting, analytics) under a confidentiality agreement</li>
</ul>

<h2>6. Data Security</h2>
<p>We implement appropriate security measures to protect your personal data against unauthorized access, modification, disclosure, or destruction.</p>

<h2>7. Your Rights (GDPR)</h2>
<ul>
    <li>Right of access: you can request a copy of your personal data</li>
    <li>Right to rectification: you can correct your inaccurate data</li>
    <li>Right to erasure: you can request the deletion of your data</li>
    <li>Right to object: You can object to the processing of your personal data under certain circumstances.</li>
</ul>","<p>Sist oppdatert: 2024</p>

<h2>1. Innledning</h2>
<p>Denne personvernerklæringen beskriver hvordan vi samler inn, bruker og beskytter din personlige informasjon når du bruker nettstedet vårt.</p>

<h2>2. Innsamlede data</h2>
<ul>
<li>Nettleserdata: IP-adresse, nettlesertype, besøkte sider, besøksvarighet</li>
<li>Informasjonskapsler: for å forbedre brukeropplevelsen din og analysere trafikk</li>
<li>Kontaktdata: hvis du kontakter oss via skjemaet eller e-post</li>
</ul>

<h2>3. Bruk av data</h2>
<ul>
<li>Forbedre nettstedets funksjonalitet</li>
<li>Analysere nettstedstrafikk og -bruk</li>
<li>Kontakte deg som svar på dine henvendelser</li>
<li>Overholde våre juridiske forpliktelser</li>
</ul>

<h2>4. Informasjonskapsler</h2>
<ul>
<li>Husk preferansene dine</li>
<li>Analyser nettstedstrafikk</li>
<li>Forbedre brukeropplevelsen</li>
</ul>
<p>Du kan deaktivere informasjonskapsler i nettleserinnstillingene dine, men dette kan påvirke noe av nettstedets funksjonalitet.</p>

<h2>5. Datadeling</h2>
<p>Vi selger, leier eller deler ikke dine personopplysninger med tredjeparter, bortsett fra:</p>
<ul>
<li>Når det er påkrevd ved lov</li>
<li>Med ditt uttrykkelige samtykke</li>
<li>Med våre tjenesteleverandører (hosting, analyse) under en taushetserklæring</li>
</ul>

<h2>6. Datasikkerhet</h2>
<p>Vi implementerer passende sikkerhetstiltak for å beskytte dine personopplysninger mot uautorisert tilgang, endring, avsløring eller ødeleggelse.</p>

<h2>7. Dine rettigheter (GDPR)</h2>
<ul> <li>Rett til innsyn: Du kan be om en kopi av dine personopplysninger</li>
<li>Rett til retting: Du kan korrigere dine unøyaktige opplysninger</li>
<li>Rett til sletting: Du kan be om sletting av dine opplysninger</li>
<li>Rett til å protestere: Du kan protestere mot behandlingen av dine personopplysninger under visse omstendigheter.</li>
</ul>","<p>Dernière mise à jour : 2024</p>

<h2>1. Introduction</h2>

<p>Cette politique de confidentialité décrit comment nous recueillons, utilisons et protégeons vos données personnelles lorsque vous utilisez notre site web.</p>

<h2>2. Données collectées</h2>

<ul>
<li>Données de navigation : adresse IP, type de navigateur, pages consultées, durée des visites</li>

<li>Cookies : pour améliorer votre expérience utilisateur et analyser le trafic</li>

<li>Données de contact : si vous nous contactez via le formulaire ou par e-mail</li>

</ul>

<h2>3. Utilisation des données</h2>

<ul>
<li>Améliorer les fonctionnalités du site web</li>

<li>Analyser le trafic et l’utilisation du site web</li>

<li>Répondre à vos demandes</li>

<li>Respecter nos obligations légales</li>

</ul>

<h2>4. Cookies</h2>

<ul>
<li>Mémoriser vos préférences</li>

<li>Analyser le trafic du site web</li>

<li>Améliorer l'expérience utilisateur</li>

</ul>
<p>Vous pouvez désactiver les cookies dans les paramètres de votre navigateur, mais cela peut affecter certaines fonctionnalités du site web.</p>

<h2>5. Partage des données</h2>

<p>Nous ne vendons, ne louons ni ne partageons vos données personnelles avec des tiers, sauf :</p>

<ul>
<li>Lorsque la loi l'exige</li>

<li>Avec votre consentement explicite</li>

<li>Avec nos prestataires de services (hébergement, analyse) dans le cadre d'un accord de confidentialité</li>

</ul>

<h2>6. Sécurité des données</h2>

<p>Nous mettons en œuvre des mesures de sécurité appropriées pour protéger vos données personnelles contre tout accès, modification, divulgation ou destruction non autorisés.</p>

<h2>7. Vos droits (RGPD)</h2>

<ul>

<li>Droit d'accès : vous pouvez demander une copie de vos données personnelles</li>

<li>Droit de rectification : vous pouvez corriger vos données inexactes</li>

<li>Droit à l'effacement : vous pouvez demander la suppression de vos données</li>

<li>Droit d'opposition : vous pouvez vous opposer au traitement de vos données personnelles dans certaines circonstances.</li>
</ul>",,,,,,,,,,,,,,,,,,,,,,,,,,,,,,,,,,,,,,,,,,,,,,,,,,,
legal.aboutus.content,Contenu de la page about us," <h1>The Bafang Story - Powering the E-Mobility Revolution</h1>

    <p>Bafang is more than just a manufacturer of e-bike components; they are a driving force behind the global e-bike movement, committed to making electric cycling accessible, enjoyable, and reliable for everyone—from the daily commuter to the dedicated mountain biker.</p>

    <h2>Our History: From Humble Beginnings to Global Leader</h2>

    <p>The Bafang story is a testament to dedication and forward-thinking engineering.</p>

    <p>Bafang was founded in 2003 in Suzhou, China, with a clear, ambitious goal: to develop and produce the highest quality components for electric bikes and scooters. In the early days, the e-bike market was nascent, but Bafang's founders saw the incredible potential for electric assist technology to change transportation.</p>

    <p>Right from the start, Bafang focused intensely on <strong>R&D and vertical integration</strong>. This commitment allowed them to control every stage of the manufacturing process, from design concept to final assembly, ensuring unmatched quality and consistency.</p>

    <p>Over the next two decades, Bafang's reputation grew rapidly based on the reliability and robustness of their products, leading to major milestones:</p>
    <ul>
        <li><strong>Pioneering Mid-Drive Systems:</strong> Bafang became globally recognized for their powerful and versatile mid-drive motor series (like the popular BBS and M series), which redefined performance and integration in e-bikes.</li>
        <li><strong>Global Expansion:</strong> With design centers in Europe and a vast manufacturing network, Bafang became a truly international company, supplying their components to bike brands and enthusiasts across every continent.</li>
    </ul>

    <h2>Our Vision: A Greener, More Accessible Future</h2>

    <p>Bafang's vision extends beyond the workshop. They are committed to:</p>
    <ul>
        <li><strong>Sustainable Mobility:</strong> By promoting electric cycling, Bafang contributes directly to reducing traffic congestion, decreasing carbon emissions, and encouraging healthier, active lifestyles.</li>
        <li><strong>Technological Accessibility:</strong> They strive to create components that are not only high-performing but also affordable, allowing more people worldwide to experience the joy and utility of electric bikes.</li>
    </ul>

    <h2>The Technology Behind the Power</h2>

    <p>What truly sets Bafang apart is their commitment to sophisticated, user-focused engineering across their complete product portfolio, which includes <strong>Hub Motors, Mid-Drive Systems, Batteries, Controllers, and HMI (Human-Machine Interface)</strong> displays.</p>

    <h3>The Power of the Mid-Drive</h3>
    <p>Bafang is most celebrated for its mid-drive systems, which are engineered for optimal performance:</p>
    <ul>
        <li><strong>Efficiency:</strong> By powering the bike's drivetrain directly through the chain, the motor can utilize the bike’s gears. This allows the motor to operate at its most efficient RPM, delivering high torque and superior hill-climbing ability while consuming less power.</li>
        <li><strong>Balance:</strong> Positioning the motor centrally and low on the frame maintains the bike's center of gravity, resulting in balanced handling and a natural cycling feel.</li>
        <li><strong>Reliability:</strong> Bafang motors are renowned for their rugged, durable design, capable of handling extreme weather and demanding terrains.</li>
    </ul>

    <h2>Bafang: Our Commitment to You</h2>

    <p>We are dedicated to bringing the quality and innovation of Bafang directly to you. We choose Bafang because we share their commitment to excellence.</p>

    <p>When you choose a Bafang-powered product from us, you are investing in:</p>
    <ul>
        <li><strong>Proven Reliability:</strong> Components that have been rigorously tested and trusted by millions of riders globally.</li>
        <li><strong>Leading Performance:</strong> Access to the latest e-bike motor and battery technology.</li>
        <li><strong>Exceptional Value:</strong> The perfect balance of premium quality and competitive pricing.</li>
    </ul>

    <p><strong>Join the e-mobility revolution. Experience the Bafang difference today!</strong></p>
","<h1>Bafang-historien – driver el-mobilitetsrevolusjonen</h1>

<p>Bafang er mer enn bare en produsent av elsykkelkomponenter; de er en drivkraft bak den globale elsykkelbevegelsen, forpliktet til å gjøre elsykling tilgjengelig, hyggelig og pålitelig for alle – fra den daglige pendleren til den dedikerte terrengsyklisten.</p>

<h2>Vår historie: Fra ydmyke begynnelser til global leder</h2>

<p>Bafang-historien er et vitnesbyrd om dedikasjon og fremtidsrettet ingeniørkunst.</p>

<p>Bafang ble grunnlagt i 2003 i Suzhou, Kina, med et klart og ambisiøst mål: å utvikle og produsere komponenter av høyeste kvalitet for elsykler og scootere. I de tidlige dagene var elsykkelmarkedet i sin spede begynnelse, men Bafangs grunnleggere så det utrolige potensialet for elektrisk assistanseteknologi til å forandre transport.</p>

<p>Helt fra starten fokuserte Bafang intenst på <strong>FoU og vertikal integrasjon</strong>. Denne forpliktelsen gjorde det mulig for dem å kontrollere alle trinn i produksjonsprosessen, fra designkonsept til endelig montering, noe som sikret uovertruffen kvalitet og konsistens.</p>

<p>I løpet av de neste to tiårene vokste Bafangs omdømme raskt basert på påliteligheten og robustheten til produktene deres, noe som førte til store milepæler:</p>
<ul>
<li><strong>Banebrytende midtdriftssystemer:</strong> Bafang ble globalt anerkjent for sine kraftige og allsidige midtdriftsmotorserier (som den populære BBS- og M-serien), som redefinerte ytelse og integrasjon i elsykler.</li>
<li><strong>Global ekspansjon:</strong> Med designsentre i Europa og et stort produksjonsnettverk ble Bafang et virkelig internasjonalt selskap som leverte komponentene sine til sykkelmerker og entusiaster på alle kontinenter.</li>
</ul>

<h2>Vår visjon: En grønnere og mer tilgjengelig fremtid</h2>

<p>Bafangs visjon strekker seg utover verkstedet. De er forpliktet til:</p>
<ul>
<li><strong>Bærekraftig mobilitet:</strong> Ved å fremme elsykling bidrar Bafang direkte til å redusere trafikkork, redusere karbonutslipp og oppmuntre til sunnere og mer aktive livsstiler.</li>
<li><strong>Teknologisk tilgjengelighet:</strong> De streber etter å lage komponenter som ikke bare er høytytende, men også rimelige, slik at flere mennesker over hele verden kan oppleve gleden og nytten av elsykler.</li>
</ul>

<h2>Teknologien bak kraften</h2>

<p>Det som virkelig skiller Bafang fra andre er deres forpliktelse til sofistikert, brukerfokusert ingeniørkunst på tvers av hele produktporteføljen, som inkluderer <strong>navmotorer, midtdriftssystemer, batterier, kontrollere og HMI-skjermer (menneske-maskin-grensesnitt).</p>

<h3>Kraften til midtdriften</h3>
<p>Bafang er mest kjent for sine midtdriftssystemer, som er konstruert for optimal ytelse:</p>
<ul>
<li><strong>Effektivitet:</strong> Ved å drive sykkelens drivverk direkte gjennom kjedet, kan motoren utnytte sykkelens gir. Dette gjør at motoren kan operere med sitt mest effektive turtall, og levere høyt dreiemoment og overlegen bakkekjøringsevne samtidig som den bruker mindre strøm.</li>
<li><strong>Balanse:</strong> Motoren plasseres sentralt og lavt på rammen for å opprettholde sykkelens tyngdepunkt, noe som resulterer i balansert håndtering og en naturlig sykkelfølelse.</li>
<li><strong>Pålitelighet:</strong> Bafang-motorer er kjent for sin robuste og slitesterke design, som er i stand til å håndtere ekstremt vær og krevende terreng.</li>
</ul>

<h2>Bafang: Vår forpliktelse til deg</h2>

<p>Vi er dedikert til å bringe kvaliteten og innovasjonen til Bafang direkte til deg. Vi velger Bafang fordi vi deler deres forpliktelse til kvalitet.</p>

<p>Når du velger et Bafang-drevet produkt fra oss, investerer du i:</p>
<ul>
<li><strong>Bevist pålitelighet:</strong> Komponenter som har blitt grundig testet og stoler på av millioner av syklister over hele verden.</li>
<li><strong>Ledende ytelse:</strong> Tilgang til den nyeste teknologien for elsykkelmotorer og batterier.</li>
<li><strong>Eksepsjonell verdi:</strong> Den perfekte balansen mellom premiumkvalitet og konkurransedyktige priser.</li>
</ul>

<p><strong>Bli med på e-mobilitetsrevolusjonen. Opplev Bafang-forskjellen i dag!</strong></p>
","id=""about-bafang"">",,,,,,,,,,,,,,,,,,,,,,,,,,,,,,,,,,,,,,,,,,,,,,,,,,,
,,,#VALUE!,,,,,,,,,,,,,,,,,,,,,,,,,,,,,,,,,,,,,,,,,,,,,,,,,,,,
,,,#VALUE!,,,,,,,,,,,,,,,,,,,,,,,,,,,,,,,,,,,,,,,,,,,,,,,,,,,,
,,,#VALUE!,,,,,,,,,,,,,,,,,,,,,,,,,,,,,,,,,,,,,,,,,,,,,,,,,,,,
footer.copyright,Texte copyright footer,© 2024 AliExpress Affiliate. All rights reserved.,© 2024 AliExpress Affiliate. Alle rettigheter forbeholdt.,© 2024 Partenaire AliExpress. Tous droits réservés.,,,,,,,,,,,,,,,,,,,,,,,,,,,,,,,,,,,,,,,,,,,,,,,,,,,
footer.contact,Texte contact footer,Contact us:,Kontakt oss:,Contactez-nous:,,,,,,,,,,,,,,,,,,,,,,,,,,,,,,,,,,,,,,,,,,,,,,,,,,,
site.domain,Domaine du site (URL de base),https://bafang-shop.com,https://bafang-shop.com,https://bafang-shop.com,,,,,,,,,,,,,,,,,,,,,,,,,,,,,,,,,,,,,,,,,,,,,,,,,,,
site.contact.email,Adresse email de contact,contact@evanstudio.net,kontakt@evanstudio.net,contact@evanstudio.net,,,,,,,,,,,,,,,,,,,,,,,,,,,,,,,,,,,,,,,,,,,,,,,,,,,
,,,#VALUE!,,,,,,,,,,,,,,,,,,,,,,,,,,,,,,,,,,,,,,,,,,,,,,,,,,,,
,,,#VALUE!,,,,,,,,,,,,,,,,,,,,,,,,,,,,,,,,,,,,,,,,,,,,,,,,,,,,
,,</head>,</hode>,</head>,transportation.</p>,transportation.</p>,transportation.</p>,transportation.</p>,transportation.</p>,transportation.</p>,transportation.</p>,transportation.</p>,transportation.</p>,transportation.</p>,transportation.</p>,transportation.</p>,transportation.</p>,transportation.</p>,transportation.</p>,transportation.</p>,transportation.</p>,transportation.</p>,transportation.</p>,transportation.</p>,transportation.</p>,transportation.</p>,transportation.</p>,transportation.</p>,transportation.</p>,transportation.</p>,transportation.</p>,transportation.</p>,transportation.</p>,transportation.</p>,transportation.</p>,transportation.</p>,transportation.</p>,transportation.</p>,transportation.</p>,transportation.</p>,transportation.</p>,transportation.</p>,transportation.</p>,transportation.</p>,transportation.</p>,transportation.</p>,transportation.</p>,transportation.</p>,transportation.</p>,transportation.</p>,transportation.</p>,transportation.</p>,transportation.</p>,transportation.</p>,transportation.</p>
,,<body>,<kropp>,<corps>,,,,,,,,,,,,,,,,,,,,,,,,,,,,,,,,,,,,,,,,,,,,,,,,,,,
,,,#VALUE!,,,,,,,,,,,,,,,,,,,,,,,,,,,,,,,,,,,,,,,,,,,,,,,,,,,,
,,,#VALUE!,,,,,,,,,,,,,,,,,,,,,,,,,,,,,,,,,,,,,,,,,,,,,,,,,,,,
,,,#VALUE!,,,,,,,,,,,,,,,,,,,,,,,,,,,,,,,,,,,,,,,,,,,,,,,,,,,,
,Index,,#VALUE!,,,,,,,,,,,,,,,,,,,,,,,,,,,,,,,,,,,,,,,,,,,,,,,,,,,,
,,,#VALUE!,,,,,,,,,,,,,,,,,,,,,,,,,,,,,,,,,,,,,,,,,,,,,,,,,,,,
site.meta.title,Titre SEO du site (page d'accueil),Bafang Electric Bike Motors & Parts – Official Store,Bafang elsykkelmotorer og deler – Offisiell butikk,Programme d'affiliation AliExpress - Meilleurs produits,,,,,,,,,,,,,,,,,,,,,,,,,,,,,,,,,,,,,,,,,,,,,,,,,,,
site.meta.description,Description SEO du site (page d'accueil),"Discover Bafang e-bike motors, batteries, and accessories. High-performance, reliable components for electric bikes. Fast shipping and quality guaranteed.","Oppdag Bafang elsykkelmotorer, batterier og tilbehør. Høytytende, pålitelige komponenter for elsykler. Rask levering og kvalitetsgaranti.",Découvrez les meilleurs produits MAKITA sur AliExpress grâce à nos liens d'affiliation. Offres exclusives et prix compétitifs.,,,,,,,,,,,,,,,,,,,,,,,,,,,,,,,,,,,,,,,,,,,,,,,,,,,
homepage.hero.title,Titre principal de la page d'accueil (hero),Discover the Best Products of BAFANG,Oppdag de beste produktene fra BAFANG,Découvrez les meilleurs produits MAKITA,,,,,,,,,,,,,,,,,,,,,,,,,,,,,,,,,,,,,,,,,,,,,,,,,,,
homepage.hero.subtitle,Sous-titre de la page d'accueil (hero),Exclusive offers and competitive prices for all your needs,Eksklusive tilbud og konkurransedyktige priser for alle dine behov,Des offres exclusives et des prix compétitifs pour tous vos besoins,,,,,,,,,,,,,,,,,,,,,,,,,,,,,,,,,,,,,,,,,,,,,,,,,,,
homepage.hero.button,Texte du bouton hero,View Products,Se produkter,Voir les produits,,,,,,,,,,,,,,,,,,,,,,,,,,,,,,,,,,,,,,,,,,,,,,,,,,,
homepage.hero.button.url,URL du lien du bouton hero,https://www.aliexpress.com/store/1103590012?spm=a2g0o.detail.0.0.133b4nTV4nTVgS&sortType=bestmatch_sort,https://www.aliexpress.com/store/1103590012?spm=a2g0o.detail.0.0.133b4nTV4nTVgS&sortType=bestmatch_sort,https://www.aliexpress.com/store/1104758161/pages/all-items.html?spm=a2g0o.store_pc_home.pcShopHead_2012153514384.99&sortType=bestmatch_sort&shop_sortType=bestmatch_sort,,,,,,,,,,,,,,,,,,,,,,,,,,,,,,,,,,,,,,,,,,,,,,,,,,,
,,,#VALUE!,,,,,,,,,,,,,,,,,,,,,,,,,,,,,,,,,,,,,,,,,,,,,,,,,,,,
,,,#VALUE!,,,,,,,,,,,,,,,,,,,,,,,,,,,,,,,,,,,,,,,,,,,,,,,,,,,,
,,,#VALUE!,,,,,,,,,,,,,,,,,,,,,,,,,,,,,,,,,,,,,,,,,,,,,,,,,,,,
,,,#VALUE!,,,,,,,,,,,,,,,,,,,,,,,,,,,,,,,,,,,,,,,,,,,,,,,,,,,,
,,,#VALUE!,,,,,,,,,,,,,,,,,,,,,,,,,,,,,,,,,,,,,,,,,,,,,,,,,,,,
,,,#VALUE!,,,,,,,,,,,,,,,,,,,,,,,,,,,,,,,,,,,,,,,,,,,,,,,,,,,,
,,,#VALUE!,,,,,,,,,,,,,,,,,,,,,,,,,,,,,,,,,,,,,,,,,,,,,,,,,,,,
,,,#VALUE!,,,,,,,,,,,,,,,,,,,,,,,,,,,,,,,,,,,,,,,,,,,,,,,,,,,,
,,,#VALUE!,,,,,,,,,,,,,,,,,,,,,,,,,,,,,,,,,,,,,,,,,,,,,,,,,,,,
,,,#VALUE!,,,,,,,,,,,,,,,,,,,,,,,,,,,,,,,,,,,,,,,,,,,,,,,,,,,,
,,,#VALUE!,,,,,,,,,,,,,,,,,,,,,,,,,,,,,,,,,,,,,,,,,,,,,,,,,,,,
,,,#VALUE!,,,,,,,,,,,,,,,,,,,,,,,,,,,,,,,,,,,,,,,,,,,,,,,,,,,,
,,,#VALUE!,,,,,,,,,,,,,,,,,,,,,,,,,,,,,,,,,,,,,,,,,,,,,,,,,,,,
,,,#VALUE!,,,,,,,,,,,,,,,,,,,,,,,,,,,,,,,,,,,,,,,,,,,,,,,,,,,,
,,,#VALUE!,,,,,,,,,,,,,,,,,,,,,,,,,,,,,,,,,,,,,,,,,,,,,,,,,,,,
,,,#VALUE!,,,,,,,,,,,,,,,,,,,,,,,,,,,,,,,,,,,,,,,,,,,,,,,,,,,,
,,,#VALUE!,,,,,,,,,,,,,,,,,,,,,,,,,,,,,,,,,,,,,,,,,,,,,,,,,,,,
,,,#VALUE!,,,,,,,,,,,,,,,,,,,,,,,,,,,,,,,,,,,,,,,,,,,,,,,,,,,,
,,,#VALUE!,,,,,,,,,,,,,,,,,,,,,,,,,,,,,,,,,,,,,,,,,,,,,,,,,,,,
,,,#VALUE!,,,,,,,,,,,,,,,,,,,,,,,,,,,,,,,,,,,,,,,,,,,,,,,,,,,,
,presentation,,#VALUE!,,,,,,,,,,,,,,,,,,,,,,,,,,,,,,,,,,,,,,,,,,,,,,,,,,,,
,,,#VALUE!,,,,,,,,,,,,,,,,,,,,,,,,,,,,,,,,,,,,,,,,,,,,,,,,,,,,
homepage.presentation.title,Titre de la section présentation marque,About BAFANG,Om BAFANG,À propos de MAKITA,,,,,,,,,,,,,,,,,,,,,,,,,,,,,,,,,,,,,,,,,,,,,,,,,,,
homepage.presentation.content,Contenu de la section présentation marque,"Bafang is a global leader in e-mobility solutions, specializing in high-performance electric bike systems. Founded in 2003, the company designs and manufactures motors, batteries, controllers, and complete drive systems trusted by brands worldwide. With a strong commitment to innovation, quality, and riding comfort, Bafang delivers reliable technology for commuters, adventurers, and e-bike manufacturers. Its products combine efficiency, durability, and smooth power delivery to enhance every cycling experience.","Bafang er en global leder innen e-mobilitetsløsninger, og spesialiserer seg på høytytende elektriske sykkelsystemer. Selskapet ble grunnlagt i 2003 og designer og produserer motorer, batterier, kontrollere og komplette drivsystemer som er betrodd av merkevarer over hele verden. Med et sterkt engasjement for innovasjon, kvalitet og kjørekomfort, leverer Bafang pålitelig teknologi for pendlere, eventyrere og elsykkelprodusenter. Produktene deres kombinerer effektivitet, holdbarhet og jevn kraftlevering for å forbedre enhver sykkelopplevelse.","Makita est une marque japonaise leader dans le secteur mondial de l'outillage électroportatif, reconnue pour son innovation, sa robustesse et ses performances professionnelles exceptionnelles. Fondée au Japon il y a plus d'un siècle, Makita s'est forgée une solide réputation en créant des outils alliant technologie de pointe, confort ergonomique et fiabilité hors pair. Sa vaste gamme comprend des perceuses, des meuleuses d'angle, des scies, des batteries et des accessoires conçus pour les professionnels et les bricoleurs exigeants. Chaque outil Makita est conçu pour offrir puissance, précision et une efficacité durable, garantissant des résultats optimaux sur tous les chantiers. En mettant l'accent sur la sécurité, le confort d'utilisation et la productivité, Makita demeure un partenaire de confiance pour la construction, la rénovation, le travail du bois et les applications industrielles dans le monde entier.",,,,,,,,,,,,,,,,,,,,,,,,,,,,,,,,,,,,,,,,,,,,,,,,,,,
,,,#VALUE!,,,,,,,,,,,,,,,,,,,,,,,,,,,,,,,,,,,,,,,,,,,,,,,,,,,,
,,,#VALUE!,,,,,,,,,,,,,,,,,,,,,,,,,,,,,,,,,,,,,,,,,,,,,,,,,,,,
,,,#VALUE!,,,,,,,,,,,,,,,,,,,,,,,,,,,,,,,,,,,,,,,,,,,,,,,,,,,,
,,,#VALUE!,,,,,,,,,,,,,,,,,,,,,,,,,,,,,,,,,,,,,,,,,,,,,,,,,,,,
,,,#VALUE!,,,,,,,,,,,,,,,,,,,,,,,,,,,,,,,,,,,,,,,,,,,,,,,,,,,,
,,,#VALUE!,,,,,,,,,,,,,,,,,,,,,,,,,,,,,,,,,,,,,,,,,,,,,,,,,,,,
homepage.advantages.title,Titre de la section avantages,</section>,</seksjon>,Pourquoi nous choisir ?,,,,,,,,,,,,,,,,,,,,,,,,,,,,,,,,,,,,,,,,,,,,,,,,,,,
homepage.advantages.factory_price.title,Titre avantage: Prix Direct Usine,Factory Direct Price,Fabrikk direkte pris,Prix ​​direct usine,,,,,,,,,,,,,,,,,,,,,,,,,,,,,,,,,,,,,,,,,,,,,,,,,,,
homepage.advantages.factory_price.description,Description avantage: Prix Direct Usine,Benefit from factory-direct pricing without intermediaries.,Dra nytte av priser direkte fra fabrikken uten mellomledd.,"Bénéficiez de prix directs d'usine, sans intermédiaires.",,,,,,,,,,,,,,,,,,,,,,,,,,,,,,,,,,,,,,,,,,,,,,,,,,,
homepage.advantages.worldwide_shipping.title,Titre avantage: Livraison Mondiale,Worldwide Delivery,Verdensomspennende levering,Livraison internationale,,,,,,,,,,,,,,,,,,,,,,,,,,,,,,,,,,,,,,,,,,,,,,,,,,,
homepage.advantages.worldwide_shipping.description,Description avantage: Livraison Mondiale,Worldwide delivery for all your needs,Verdensomspennende levering for alle dine behov,Livraison dans le monde entier pour tous vos besoins,,,,,,,,,,,,,,,,,,,,,,,,,,,,,,,,,,,,,,,,,,,,,,,,,,,
homepage.advantages.customer_service.title,Titre avantage: Service Après-Vente Réactif,Responsive After-Sales Service,Responsiv ettersalgsservice,Service après-vente réactif,,,,,,,,,,,,,,,,,,,,,,,,,,,,,,,,,,,,,,,,,,,,,,,,,,,
homepage.advantages.customer_service.description,Description avantage: Service Après-Vente Réactif,A responsive and available after-sales service to assist you,En responsiv og tilgjengelig ettersalgsservice som hjelper deg,Un service après-vente réactif et disponible pour vous assister,,,,,,,,,,,,,,,,,,,,,,,,,,,,,,,,,,,,,,,,,,,,,,,,,,,
homepage.advantages.secure_payment.title,Titre avantage: Paiement Sécurisé,Secure Payment,Sikker betaling,Paiement sécurisé,,,,,,,,,,,,,,,,,,,,,,,,,,,,,,,,,,,,,,,,,,,,,,,,,,,
homepage.advantages.secure_payment.description,Description avantage: Paiement Sécurisé,Secure payment by credit card with maximum protection,Sikker betaling med kredittkort med maksimal beskyttelse,Paiement sécurisé par carte bancaire avec protection maximale,,,,,,,,,,,,,,,,,,,,,,,,,,,,,,,,,,,,,,,,,,,,,,,,,,,
homepage.faq.title,Titre de la section FAQ,Frequently Asked Questions,Ofte stilte spørsmål,Foire aux questions,,,,,,,,,,,,,,,,,,,,,,,,,,,,,,,,,,,,,,,,,,,,,,,,,,,
homepage.categories.title,Titre de la section catégories,Our Categories,Våre kategorier,Nos catégories,,,,,,,,,,,,,,,,,,,,,,,,,,,,,,,,,,,,,,,,,,,,,,,,,,,
homepage.testimonials.title,Titre de la section témoignages,Customer Reviews,Kundevurderinger,Avis clients,,,,,,,,,,,,,,,,,,,,,,,,,,,,,,,,,,,,,,,,,,,,,,,,,,,
homepage.stats.title,Titre de la section statistiques,Our Key Figures,Våre nøkkeltall,Nos chiffres clés,,,,,,,,,,,,,,,,,,,,,,,,,,,,,,,,,,,,,,,,,,,,,,,,,,,
homepage.stats.products.number,Nombre de produits,420+,420+,1120+,,,,,,,,,,,,,,,,,,,,,,,,,,,,,,,,,,,,,,,,,,,,,,,,,,,
homepage.stats.products.label,Label produits,Products Available,Tilgjengelige produkter,Produits disponibles,,,,,,,,,,,,,,,,,,,,,,,,,,,,,,,,,,,,,,,,,,,,,,,,,,,
homepage.stats.countries.number,Nombre de pays,100+,100+,110+,,,,,,,,,,,,,,,,,,,,,,,,,,,,,,,,,,,,,,,,,,,,,,,,,,,
homepage.stats.countries.label,Label pays,Country of Delivery,Leveringsland,Pays de livraison,,,,,,,,,,,,,,,,,,,,,,,,,,,,,,,,,,,,,,,,,,,,,,,,,,,
homepage.stats.satisfaction.number,Taux de satisfaction,98%,98 %,98%,,,,,,,,,,,,,,,,,,,,,,,,,,,,,,,,,,,,,,,,,,,,,,,,,,,
homepage.stats.satisfaction.label,Label satisfaction,Customer Satisfaction,Kundetilfredshet,Satisfaction client,,,,,,,,,,,,,,,,,,,,,,,,,,,,,,,,,,,,,,,,,,,,,,,,,,,
homepage.stats.support.number,Support client,24/7,Døgnet rundt,24h/24 et 7j/7,,,,,,,,,,,,,,,,,,,,,,,,,,,,,,,,,,,,,,,,,,,,,,,,,,,
homepage.stats.support.label,Label support,Customer Service,Kundeservice,Service client,,,,,,,,,,,,,,,,,,,,,,,,,,,,,,,,,,,,,,,,,,,,,,,,,,,
homepage.testimonials.1.name,Nom du témoignage 1,David K.,David K.,David K.,,,,,,,,,,,,,,,,,,,,,,,,,,,,,,,,,,,,,,,,,,,,,,,,,,,
homepage.testimonials.1.text,Texte du témoignage 1,"Excellent service! I ordered a Bafang BBS02 mid-drive motor and I am very satisfied. The quality is excellent, the delivery was fast and the packaging was neat. The motor performs exactly as described and has transformed my bike into a powerful e-bike. I recommend without hesitation.","Utmerket service! Jeg bestilte en Bafang BBS02 midtmotor, og jeg er veldig fornøyd. Kvaliteten er utmerket, leveringen var rask og emballasjen var pen. Motoren fungerer nøyaktig som beskrevet og har forvandlet sykkelen min til en kraftig elsykkel. Jeg anbefaler den uten å nøle.","Service impeccable ! J'ai commandé un moteur Bafang BBS02 et j'en suis très satisfait. La qualité est excellente, la livraison a été rapide et l'emballage soigné. Le moteur fonctionne parfaitement et a transformé mon vélo en un vélo électrique puissant. Je le recommande sans hésiter.",,,,,,,,,,,,,,,,,,,,,,,,,,,,,,,,,,,,,,,,,,,,,,,,,,,
homepage.testimonials.2.name,Nom du témoignage 2,Sarah M.,Sara M.,Sarah M.,,,,,,,,,,,,,,,,,,,,,,,,,,,,,,,,,,,,,,,,,,,,,,,,,,,
homepage.testimonials.2.text,Texte du témoignage 2,"Excellent value for money. I bought a Bafang 48V battery and everything matches the description. The battery is powerful, durable, and provides excellent range. Delivery was on time and the product exceeded my expectations.","Utmerket valuta for pengene. Jeg kjøpte et Bafang 48V-batteri, og alt samsvarer med beskrivelsen. Batteriet er kraftig, slitesterkt og gir utmerket rekkevidde. Leveringen var i tide, og produktet overgikk forventningene mine.","Excellent rapport qualité-prix. J'ai acheté une batterie Bafang 48V et elle correspond parfaitement à la description. La batterie est puissante, robuste et offre une excellente autonomie. La livraison a été effectuée dans les délais et le produit a dépassé mes attentes.",,,,,,,,,,,,,,,,,,,,,,,,,,,,,,,,,,,,,,,,,,,,,,,,,,,
homepage.testimonials.3.name,Nom du témoignage 3,Michael R.,Michael R.,Michael R.,,,,,,,,,,,,,,,,,,,,,,,,,,,,,,,,,,,,,,,,,,,,,,,,,,,
homepage.testimonials.3.text,Texte du témoignage 3,"Perfect! I ordered several Bafang components to build my e-bike. All the products are of very good quality, the prices are competitive, and the delivery went smoothly. The components are professional-grade and have significantly improved my cycling experience. I will be back!","Perfekt! Jeg bestilte flere Bafang-komponenter for å bygge elsykkelen min. Alle produktene er av veldig god kvalitet, prisene er konkurransedyktige, og leveransen gikk knirkefritt. Komponentene er av profesjonell kvalitet og har forbedret sykkelopplevelsen min betraktelig. Jeg kommer tilbake!","Parfait ! J'ai commandé plusieurs composants Bafang pour construire mon vélo électrique. Tous les produits sont d'excellente qualité, les prix sont compétitifs et la livraison s'est déroulée sans problème. Les composants sont de qualité professionnelle et ont considérablement amélioré mon expérience de cyclisme. Je repasserai commande !",,,,,,,,,,,,,,,,,,,,,,,,,,,,,,,,,,,,,,,,,,,,,,,,,,,
homepage.testimonials.4.name,Nom du témoignage 4,Emma T.,Emma T.,Emma T.,,,,,,,,,,,,,,,,,,,,,,,,,,,,,,,,,,,,,,,,,,,,,,,,,,,
homepage.testimonials.4.text,Texte du témoignage 4,Responsive customer service and quality products. I had a quick question about Bafang motor compatibility and received a prompt reply. The components perfectly match the photos and descriptions. The build quality is outstanding and they perform exactly as expected. Very satisfied with my purchase!,"Responsiv kundeservice og kvalitetsprodukter. Jeg hadde et raskt spørsmål om Bafang-motorkompatibilitet og fikk raskt svar. Komponentene samsvarer perfekt med bildene og beskrivelsene. Byggekvaliteten er enestående, og de fungerer akkurat som forventet. Veldig fornøyd med kjøpet mitt!",Service client réactif et produits de qualité. J'avais une question rapide concernant la compatibilité d'un moteur Bafang et j'ai reçu une réponse immédiate. Les composants correspondent parfaitement aux photos et aux descriptions. Leur qualité de fabrication est exceptionnelle et ils fonctionnent exactement comme prévu. Je suis très satisfaite de mon achat !,,,,,,,,,,,,,,,,,,,,,,,,,,,,,,,,,,,,,,,,,,,,,,,,,,,
,,,#VALUE!,,,,,,,,,,,,,,,,,,,,,,,,,,,,,,,,,,,,,,,,,,,,,,,,,,,,
,,,#VALUE!,,,,,,,,,,,,,,,,,,,,,,,,,,,,,,,,,,,,,,,,,,,,,,,,,,,,
,,,#VALUE!,,,,,,,,,,,,,,,,,,,,,,,,,,,,,,,,,,,,,,,,,,,,,,,,,,,,
,,,#VALUE!,,,,,,,,,,,,,,,,,,,,,,,,,,,,,,,,,,,,,,,,,,,,,,,,,,,,
,FAQ,,#VALUE!,,,,,,,,,,,,,,,,,,,,,,,,,,,,,,,,,,,,,,,,,,,,,,,,,,,,
homepage.faq.1.question,Question FAQ 1,What are the delivery times?,Hva er leveringstidene?,Quels sont les délais de livraison ?,,,,,,,,,,,,,,,,,,,,,,,,,,,,,,,,,,,,,,,,,,,,,,,,,,,
homepage.faq.1.answer,Réponse FAQ 1,"Delivery times vary depending on your location and the seller. Generally, standard delivery takes between 15 and 30 business days. Some sellers offer express delivery (7-15 days) for an additional fee. You can check the exact delivery times on each AliExpress product page before placing your order.",Leveringstidene varierer avhengig av hvor du befinner deg og selgeren. Vanligvis tar standardlevering mellom 15 og 30 virkedager. Noen selgere tilbyr ekspresslevering (7–15 dager) mot et tillegg i prisen. Du kan sjekke de nøyaktige leveringstidene på hver AliExpress-produktside før du bestiller.,"Les délais de livraison varient selon votre lieu de résidence et le vendeur. En général, la livraison standard prend entre 15 et 30 jours ouvrables. Certains vendeurs proposent une livraison express (7 à 15 jours) moyennant un supplément. Vous pouvez consulter les délais de livraison exacts sur chaque page produit AliExpress avant de passer votre commande.",,,,,,,,,,,,,,,,,,,,,,,,,,,,,,,,,,,,,,,,,,,,,,,,,,,
homepage.faq.2.question,Question FAQ 2,What payment methods are accepted?,Hvilke betalingsmetoder aksepteres?,Quels sont les modes de paiement acceptés ?,,,,,,,,,,,,,,,,,,,,,,,,,,,,,,,,,,,,,,,,,,,,,,,,,,,
homepage.faq.2.answer,Réponse FAQ 2,"AliExpress accepts several secure payment methods: credit cards (Visa, Mastercard), PayPal, bank transfer, and other methods depending on your country. All payments are secure and protected by AliExpress's Buyer Protection system. You will only be charged once your order has shipped.","AliExpress aksepterer flere sikre betalingsmetoder: kredittkort (Visa, Mastercard), PayPal, bankoverføring og andre metoder avhengig av landet ditt. Alle betalinger er sikre og beskyttet av AliExpress sitt kjøperbeskyttelsessystem. Du blir først belastet når bestillingen din er sendt.","AliExpress accepte plusieurs modes de paiement sécurisés : cartes bancaires (Visa, Mastercard), PayPal, virement bancaire et autres méthodes selon votre pays. Tous les paiements sont sécurisés et protégés par le système de protection des acheteurs d’AliExpress. Vous ne serez débité qu’une fois votre commande expédiée.",,,,,,,,,,,,,,,,,,,,,,,,,,,,,,,,,,,,,,,,,,,,,,,,,,,
homepage.faq.3.question,Question FAQ 3,Is there a warranty on the products?,Er det garanti på produktene?,Les produits sont-ils garantis ?,,,,,,,,,,,,,,,,,,,,,,,,,,,,,,,,,,,,,,,,,,,,,,,,,,,
homepage.faq.3.answer,Réponse FAQ 3,"Yes, all products sold on AliExpress are covered by the AliExpress Buyer Guarantee. This guarantee covers defective products, products that do not match the description, or products that were not received. You generally have 15 days after receipt to open a dispute if necessary. In addition, many sellers offer their own extended warranties (6 months, 1 year, etc.), which you can find on the product page.","Ja, alle produkter som selges på AliExpress er dekket av AliExpress kjøpergaranti. Denne garantien dekker defekte produkter, produkter som ikke samsvarer med beskrivelsen, eller produkter som ikke ble mottatt. Du har vanligvis 15 dager etter mottakelse til å åpne en tvist om nødvendig. I tillegg tilbyr mange selgere sine egne utvidede garantier (6 måneder, 1 år osv.), som du finner på produktsiden.","Oui, tous les produits vendus sur AliExpress sont couverts par la Garantie Acheteur AliExpress. Cette garantie couvre les produits défectueux, les produits non conformes à la description ou les produits non reçus. Vous disposez généralement de 15 jours après réception pour ouvrir un litige si nécessaire. De plus, de nombreux vendeurs proposent leurs propres extensions de garantie (6 mois, 1 an, etc.), que vous trouverez sur la page du produit.",,,,,,,,,,,,,,,,,,,,,,,,,,,,,,,,,,,,,,,,,,,,,,,,,,,
homepage.faq.4.question,Question FAQ 4,What should I do if there's a problem with my order?,Hva bør jeg gjøre hvis det er et problem med bestillingen min?,Que dois-je faire en cas de problème avec ma commande ?,,,,,,,,,,,,,,,,,,,,,,,,,,,,,,,,,,,,,,,,,,,,,,,,,,,
homepage.faq.4.answer,Réponse FAQ 4,"If you encounter a problem (defective product, not received, non-compliant), you can open a dispute directly from your AliExpress account in the ""My Orders"" section. AliExpress customer service will assist you in resolving the issue. Most disputes are resolved quickly, often in your favor if you provide the necessary evidence (photos, description of the problem).","Hvis du støter på et problem (defekt produkt, ikke mottatt, ikke-kompatibelt), kan du åpne en tvist direkte fra AliExpress-kontoen din i delen «Mine bestillinger». AliExpress kundeservice vil hjelpe deg med å løse problemet. De fleste tvister løses raskt, ofte i din favør hvis du fremlegger nødvendig bevis (bilder, beskrivelse av problemet).","En cas de problème (produit défectueux, non reçu, non conforme), vous pouvez ouvrir un litige directement depuis votre compte AliExpress, dans la section « Mes commandes ». Le service client d'AliExpress vous aidera à résoudre le problème. La plupart des litiges sont résolus rapidement, souvent en votre faveur si vous fournissez les preuves nécessaires (photos, description du problème).",,,,,,,,,,,,,,,,,,,,,,,,,,,,,,,,,,,,,,,,,,,,,,,,,,,
homepage.faq.5.question,Question FAQ 5,Are the products authentic and of good quality?,Er produktene autentiske og av god kvalitet?,Les produits sont-ils authentiques et de bonne qualité ?,,,,,,,,,,,,,,,,,,,,,,,,,,,,,,,,,,,,,,,,,,,,,,,,,,,
homepage.faq.5.answer,Réponse FAQ 5,"We select only quality products from verified and positively rated sellers on AliExpress. Each product displays customer reviews and ratings, allowing you to check the quality before purchasing. We recommend reading reviews and checking photos shared by customers to ensure the product meets your expectations.","Vi velger kun kvalitetsprodukter fra verifiserte og positivt vurderte selgere på AliExpress. Hvert produkt viser kundeanmeldelser og -vurderinger, slik at du kan sjekke kvaliteten før du kjøper. Vi anbefaler å lese anmeldelser og se på bilder delt av kunder for å sikre at produktet oppfyller dine forventninger.","Nous sélectionnons uniquement des produits de qualité provenant de vendeurs vérifiés et bien notés sur AliExpress. Chaque produit affiche les avis et les notes des clients, vous permettant ainsi de vérifier sa qualité avant l'achat. Nous vous recommandons de lire les avis et de consulter les photos partagées par les clients afin de vous assurer que le produit correspond à vos attentes.",,,,,,,,,,,,,,,,,,,,,,,,,,,,,,,,,,,,,,,,,,,,,,,,,,,
homepage.bestsellers.title,Titre de la section Best Sellers,Best Sellers,Bestselgere,Meilleures ventes,,,,,,,,,,,,,,,,,,,,,,,,,,,,,,,,,,,,,,,,,,,,,,,,,,,
button.view_products,"Texte bouton ""Voir les Produits""",View Products,Se produkter,Voir les produits,,,,,,,,,,,,,,,,,,,,,,,,,,,,,,,,,,,,,,,,,,,,,,,,,,,
button.view_on_aliexpress,"Texte bouton ""Voir sur AliExpress""",View on AliExpress,Se på AliExpress,Voir sur AliExpress,,,,,,,,,,,,,,,,,,,,,,,,,,,,,,,,,,,,,,,,,,,,,,,,,,,
button.discover_reviews,"Texte bouton ""Découvrez les X avis""",Discover the,Oppdag,Découvrez le,,,,,,,,,,,,,,,,,,,,,,,,,,,,,,,,,,,,,,,,,,,,,,,,,,,
button.positive_reviews,"Texte ""avis positifs sur AliExpress""",Positive reviews on AliExpress,Positive anmeldelser på AliExpress,Avis positifs sur AliExpress,,,,,,,,,,,,,,,,,,,,,,,,,,,,,,,,,,,,,,,,,,,,,,,,,,,