key,description,en,cs_auto,fr_auto,,,,,,,,,,,,,,,,,,,,,,,,,,,,,,,,,,,,,,,,,,,,,,,,,,,
,,,#VALUE!,,,,,,,,,,,,,,,,,,,,,,,,,,,,,,,,,,,,,,,,,,,,,,,,,,,,
,menu,,#VALUE!,,,,,,,,,,,,,,,,,,,,,,,,,,,,,,,,,,,,,,,,,,,,,,,,,,,,
home.en,,Home,Domů,Accueil,,,,,,,,,,,,,,,,,,,,,,,,,,,,,,,,,,,,,,,,,,,,,,,,,,,
menu.1,,Catalog,Katalog,Perceuse,,,,,,,,,,,,,,,,,,,,,,,,,,,,,,,,,,,,,,,,,,,,,,,,,,,
,,,#VALUE!,Meuleuse d'angle,,,,,,,,,,,,,,,,,,,,,,,,,,,,,,,,,,,,,,,,,,,,,,,,,,,
,,,#VALUE!,Batterie au lithium,,,,,,,,,,,,,,,,,,,,,,,,,,,,,,,,,,,,,,,,,,,,,,,,,,,
,,,#VALUE!,Autre,,,,,,,,,,,,,,,,,,,,,,,,,,,,,,,,,,,,,,,,,,,,,,,,,,,
,,,#VALUE!,Accessoires,,,,,,,,,,,,,,,,,,,,,,,,,,,,,,,,,,,,,,,,,,,,,,,,,,,
,,,#VALUE!,,,,,,,,,,,,,,,,,,,,,,,,,,,,,,,,,,,,,,,,,,,,,,,,,,,,
,,,#VALUE!,,,,,,,,,,,,,,,,,,,,,,,,,,,,,,,,,,,,,,,,,,,,,,,,,,,,
descripton.1,,"Discover the Full Bafang Catalog
Explore our complete selection of Bafang products, a global leader in electric mobility solutions. From high-performance mid-drive motors and hub motors to advanced batteries, displays, sensors, and accessories, our catalog brings together everything you need to upgrade, repair, or build your e-bike with trusted Bafang quality.
Whether you’re a commuter, mountain biker, DIY builder, or professional installer, Bafang offers reliable, efficient, and durable components designed for smooth power delivery and an exceptional riding experience. Browse the entire collection and find the perfect parts to boost performance, enhance comfort, and enjoy the freedom of electric cycling.
","Objevte kompletní katalog Bafang
Prozkoumejte naši kompletní nabídku produktů Bafang, světového lídra v oblasti řešení pro elektromobilitu. Od vysoce výkonných motorů se středním pohonem a nábojových motorů až po pokročilé baterie, displeje, senzory a příslušenství, náš katalog shrnuje vše, co potřebujete k modernizaci, opravě nebo stavbě svého elektrokola s osvědčenou kvalitou Bafang.
Ať už jste dojíždějící, horský cyklista, kutil nebo profesionální instalatér, Bafang nabízí spolehlivé, efektivní a odolné komponenty navržené pro plynulý přenos energie a výjimečný zážitek z jízdy. Prohlédněte si celou kolekci a najděte perfektní díly pro zvýšení výkonu, zvýšení pohodlí a užívání si svobody elektrokola.
","Les perceuses Makita offrent une puissance, une précision et une durabilité exceptionnelles, aussi bien pour les professionnels que pour les bricoleurs. Dotées de moteurs sans balais de pointe, de poignées ergonomiques et de batteries longue durée, elles garantissent un perçage efficace du bois, du métal et de la maçonnerie. Que ce soit pour la construction, la rénovation ou les travaux du quotidien, les perceuses Makita offrent fiabilité et confort d'utilisation, ce qui en fait des outils indispensables à toute boîte à outils.",,,,,,,,,,,,,,,,,,,,,,,,,,,,,,,,,,,,,,,,,,,,,,,,,,,
descripton.2,,"Explore our complete selection of Bafang products, a global leader in electric mobility solutions. From high-performance mid-drive motors and hub motors to advanced batteries, displays, sensors, and accessories, our catalog brings together everything you need to upgrade, repair, or build your e-bike with trusted Bafang quality.","Prozkoumejte naši kompletní nabídku produktů Bafang, světového lídra v oblasti řešení pro elektromobilitu. Od vysoce výkonných motorů se středním pohonem a nábojových motorů až po pokročilé baterie, displeje, senzory a příslušenství, náš katalog obsahuje vše, co potřebujete k modernizaci, opravě nebo sestavení svého elektrokola v důvěryhodné kvalitě Bafang.","Les meuleuses d'angle Makita sont conçues pour les travaux de découpe, de meulage et de polissage les plus exigeants. Dotées de moteurs haute performance, de systèmes de refroidissement optimisés et de dispositifs de sécurité tels que le démarrage progressif et la protection contre les surcharges, elles offrent un fonctionnement fluide et précis. Idéales pour la métallurgie, la construction et la fabrication, les meuleuses Makita garantissent une grande durabilité et la précision nécessaire pour travailler sans effort les matériaux les plus résistants.",,,,,,,,,,,,,,,,,,,,,,,,,,,,,,,,,,,,,,,,,,,,,,,,,,,
descripton.3,,"Whether you’re a commuter, mountain biker, DIY builder, or professional installer, Bafang offers reliable, efficient, and durable components designed for smooth power delivery and an exceptional riding experience. Browse the entire collection and find the perfect parts to boost performance, enhance comfort, and enjoy the freedom of electric cycling.","Ať už jste dojíždějící, horský cyklista, kutil nebo profesionální instalatér, Bafang nabízí spolehlivé, efektivní a odolné komponenty navržené pro plynulý přenos výkonu a výjimečný zážitek z jízdy. Prohlédněte si celou kolekci a najděte perfektní díly pro zvýšení výkonu, větší pohodlí a užívání si svobody jízdy na elektrokole.","Les batteries lithium Makita offrent une puissance exceptionnelle, une autonomie prolongée et une charge rapide pour garantir des performances optimales de tous vos outils. Dotées d'une technologie de protection avancée, elles préviennent la surchauffe et prolongent leur durée de vie. Légères et compatibles avec une large gamme d'outils sans fil Makita, ces batteries fournissent une énergie constante et une grande fiabilité, assurant une productivité continue sur tous vos chantiers.",,,,,,,,,,,,,,,,,,,,,,,,,,,,,,,,,,,,,,,,,,,,,,,,,,,
descripton.4,,"Makita’s additional tools and accessories include saws, sanders, blowers, chargers, and more—each designed with the same commitment to innovation and durability. These products enhance productivity and provide versatile solutions for construction, woodworking, and maintenance tasks. With reliable performance and ergonomic designs, Makita’s accessory range completes any professional or home workshop.","Mezi další nástroje a příslušenství Makita patří pily, brusky, foukače, nabíječky a další – každý z nich je navržen se stejným zaměřením na inovace a odolnost. Tyto produkty zvyšují produktivitu a poskytují všestranná řešení pro stavební, dřevařské a údržbářské práce. Díky spolehlivému výkonu a ergonomickému designu doplní řada příslušenství Makita každou profesionální i domácí dílnu.","La gamme d'outils et d'accessoires Makita comprend des scies, des ponceuses, des souffleurs, des chargeurs et bien plus encore, tous conçus avec le même souci d'innovation et de durabilité. Ces produits optimisent la productivité et offrent des solutions polyvalentes pour les travaux de construction, de menuiserie et d'entretien. Grâce à leurs performances fiables et à leur conception ergonomique, les accessoires Makita complètent parfaitement tout atelier, professionnel ou amateur.",,,,,,,,,,,,,,,,,,,,,,,,,,,,,,,,,,,,,,,,,,,,,,,,,,,
descripton.5,,test description 5,popis testu 5,,,,,,,,,,,,,,,,,,,,,,,,,,,,,,,,,,,,,,,,,,,,,,,,,,,,
,,,#VALUE!,,,,,,,,,,,,,,,,,,,,,,,,,,,,,,,,,,,,,,,,,,,,,,,,,,,,
,,,#VALUE!,,,,,,,,,,,,,,,,,,,,,,,,,,,,,,,,,,,,,,,,,,,,,,,,,,,,
meta.title.menu.1,,"Bafang Catalog – Motors, Batteries & E-Bike Parts","Katalog Bafang – Motory, baterie a díly pro elektrokola",Perceuses Makita – Outils sans fil puissants et fiables,,,,,,,,,,,,,,,,,,,,,,,,,,,,,,,,,,,,,,,,,,,,,,,,,,,
meta.title.menu.2,,Makita Angle Grinders – Cutting & Grinding Performance,Úhlové brusky Makita – Výkon při řezání a broušení,Meuleuses d'angle Makita – Performances de coupe et de meulage,,,,,,,,,,,,,,,,,,,,,,,,,,,,,,,,,,,,,,,,,,,,,,,,,,,
meta.title.menu.3,,Makita Lithium Batteries – Long-Lasting Power,Lithiové baterie Makita – Dlouhotrvající výkon,Batteries au lithium Makita – Une puissance longue durée,,,,,,,,,,,,,,,,,,,,,,,,,,,,,,,,,,,,,,,,,,,,,,,,,,,
meta.title.menu.4,,Makita Tools & Accessories – Complete Your Kit,Nástroje a příslušenství Makita – dokončete svou sadu,Outils et accessoires Makita – Complétez votre kit,,,,,,,,,,,,,,,,,,,,,,,,,,,,,,,,,,,,,,,,,,,,,,,,,,,
meta.title.menu.5,,Bafang official store,Oficiální obchod Bafang,,,,,,,,,,,,,,,,,,,,,,,,,,,,,,,,,,,,,,,,,,,,,,,,,,,,
,,,#VALUE!,,,,,,,,,,,,,,,,,,,,,,,,,,,,,,,,,,,,,,,,,,,,,,,,,,,,
,,,#VALUE!,,,,,,,,,,,,,,,,,,,,,,,,,,,,,,,,,,,,,,,,,,,,,,,,,,,,
meta.des.menu.1,,"Explore the full Bafang catalog: e-bike motors, batteries, displays, sensors, and accessories. Premium components for upgrades, repairs, and DIY electric bikes.","Prozkoumejte kompletní katalog Bafang: motory pro elektrokola, baterie, displeje, senzory a příslušenství. Prémiové komponenty pro upgrady, opravy a elektrokola pro kutily.","Découvrez les perceuses Makita, conçues pour la précision, la puissance et la durabilité. Idéales pour les professionnels et les bricoleurs, elles sont équipées de moteurs sans balais et de batteries longue durée.",,,,,,,,,,,,,,,,,,,,,,,,,,,,,,,,,,,,,,,,,,,,,,,,,,,
meta.des.menu.2,,"Discover Makita angle grinders designed for tough cutting and grinding tasks. High performance, safety features, and long-lasting durability.","Objevte úhlové brusky Makita určené pro náročné řezací a brousicí úkoly. Vysoký výkon, bezpečnostní prvky a dlouhá životnost.","Découvrez les meuleuses d'angle Makita, conçues pour les travaux de découpe et de meulage les plus exigeants. Haute performance, sécurité renforcée et grande durabilité.",,,,,,,,,,,,,,,,,,,,,,,,,,,,,,,,,,,,,,,,,,,,,,,,,,,
meta.des.menu.3,,"Find Makita lithium batteries offering extended runtime, fast charging, and reliability. Compatible with a wide range of Makita tools.","Najděte lithiové baterie Makita s prodlouženou výdrží, rychlým nabíjením a spolehlivostí. Kompatibilní s širokou škálou nářadí Makita.","Découvrez les batteries lithium Makita offrant une autonomie prolongée, une charge rapide et une grande fiabilité. Compatibles avec une large gamme d'outils Makita.",,,,,,,,,,,,,,,,,,,,,,,,,,,,,,,,,,,,,,,,,,,,,,,,,,,
meta.des.menu.4,,"Explore Makita accessories including saws, sanders, chargers, and more. Durable, efficient tools to support every professional task.","Prozkoumejte příslušenství Makita včetně pil, brusek, nabíječek a dalších. Odolné a efektivní nástroje pro každý profesionální úkol.","Découvrez les accessoires Makita, notamment les scies, les ponceuses, les chargeurs et bien plus encore. Des outils robustes et performants pour vous accompagner dans toutes vos tâches professionnelles.",,,,,,,,,,,,,,,,,,,,,,,,,,,,,,,,,,,,,,,,,,,,,,,,,,,
meta.des.menu.5,,"Explore Bafang accessories including saws, sanders, chargers, and more. Durable, efficient tools to support every professional task.","Prozkoumejte příslušenství Bafang, včetně pil, brusek, nabíječek a dalších. Odolné a efektivní nástroje pro podporu každého profesionálního úkolu.",,,,,,,,,,,,,,,,,,,,,,,,,,,,,,,,,,,,,,,,,,,,,,,,,,,,
,,,#VALUE!,,,,,,,,,,,,,,,,,,,,,,,,,,,,,,,,,,,,,,,,,,,,,,,,,,,,
,,,#VALUE!,,,,,,,,,,,,,,,,,,,,,,,,,,,,,,,,,,,,,,,,,,,,,,,,,,,,
,,,#VALUE!,,,,,,,,,,,,,,,,,,,,,,,,,,,,,,,,,,,,,,,,,,,,,,,,,,,,
,,,#VALUE!,,,,,,,,,,,,,,,,,,,,,,,,,,,,,,,,,,,,,,,,,,,,,,,,,,,,
,Footer,,#VALUE!,,,,,,,,,,,,,,,,,,,,,,,,,,,,,,,,,,,,,,,,,,,,,,,,,,,,
,,,#VALUE!,,,,,,,,,,,,,,,,,,,,,,,,,,,,,,,,,,,,,,,,,,,,,,,,,,,,
footer.link.home,Lien footer Accueil,Home,Domů,Maison,,,,,,,,,,,,,,,,,,,,,,,,,,,,,,,,,,,,,,,,,,,,,,,,,,,
footer.link.sitemap,Lien footer Plan du site,Site map,Mapa stránek,Plan du site,,,,,,,,,,,,,,,,,,,,,,,,,,,,,,,,,,,,,,,,,,,,,,,,,,,
footer.link.conditions,Lien footer Conditions,Terms of Use,Podmínky použití,Conditions d'utilisation,,,,,,,,,,,,,,,,,,,,,,,,,,,,,,,,,,,,,,,,,,,,,,,,,,,
footer.link.mentions,Lien footer Mentions légales,Legal notice,Právní upozornění,Avis juridique,,,,,,,,,,,,,,,,,,,,,,,,,,,,,,,,,,,,,,,,,,,,,,,,,,,
footer.link.policy,Lien footer Politique,Privacy Policy,Zásady ochrany osobních údajů,politique de confidentialité,,,,,,,,,,,,,,,,,,,,,,,,,,,,,,,,,,,,,,,,,,,,,,,,,,,
footer.link.aboutus,Lien footer about us,About us,O nás,À propos de nous,,,,,,,,,,,,,,,,,,,,,,,,,,,,,,,,,,,,,,,,,,,,,,,,,,,
,,,#VALUE!,,,,,,,,,,,,,,,,,,,,,,,,,,,,,,,,,,,,,,,,,,,,,,,,,,,,
,,,#VALUE!,,,,,,,,,,,,,,,,,,,,,,,,,,,,,,,,,,,,,,,,,,,,,,,,,,,,
legal.conditions.title,Titre page Conditions d'utilisation,Terms of Use - AliExpress Affiliate Makita Program,Podmínky použití – Partnerský program AliExpress od Makita,Conditions d'utilisation - Programme d'affiliation AliExpress Makita,,,,,,,,,,,,,,,,,,,,,,,,,,,,,,,,,,,,,,,,,,,,,,,,,,,
legal.mentions.title,Titre page Mentions légales,Legal Notice - AliExpress Affiliate Program,Právní upozornění – Partnerský program AliExpress,Mentions légales - Programme d'affiliation AliExpress,,,,,,,,,,,,,,,,,,,,,,,,,,,,,,,,,,,,,,,,,,,,,,,,,,,
legal.policy.title,Titre page Politique de confidentialité,Privacy Policy - AliExpress Affiliate Program,Zásady ochrany osobních údajů – Partnerský program AliExpress,Politique de confidentialité - Programme d'affiliation AliExpress,,,,,,,,,,,,,,,,,,,,,,,,,,,,,,,,,,,,,,,,,,,,,,,,,,,
legal.aboutus.title,Titre page about us,About us – BAFANG,O nás – BAFANG,À propos de nous – MAKITA,,,,,,,,,,,,,,,,,,,,,,,,,,,,,,,,,,,,,,,,,,,,,,,,,,,
,,,#VALUE!,,,,,,,,,,,,,,,,,,,,,,,,,,,,,,,,,,,,,,,,,,,,,,,,,,,,
legal.conditions.meta.description,Description SEO Conditions,AliExpress Affiliate Site Terms of Use,Podmínky používání partnerského webu AliExpress,Conditions d'utilisation du site affilié AliExpress,,,,,,,,,,,,,,,,,,,,,,,,,,,,,,,,,,,,,,,,,,,,,,,,,,,
legal.mentions.meta.description,Description SEO Mentions légales,Legal notices for the AliExpress affiliate website,Právní upozornění pro partnerský web AliExpress,Mentions légales du site affilié AliExpress,,,,,,,,,,,,,,,,,,,,,,,,,,,,,,,,,,,,,,,,,,,,,,,,,,,
legal.policy.meta.description,Description SEO Politique,AliExpress Affiliate Site Privacy Policy,Zásady ochrany osobních údajů partnerského webu AliExpress,Politique de confidentialité du site affilié AliExpress,,,,,,,,,,,,,,,,,,,,,,,,,,,,,,,,,,,,,,,,,,,,,,,,,,,
legal.aboutus.meta.description,Description SEO About us,Learn about Makita: A global leader in professional power tools since 1915. Discover our LXT® cordless technology and durable tools for professionals.,Zjistěte více o značce Makita: Světový lídr v oblasti profesionálního elektrického nářadí od roku 1915. Objevte naši akumulátorovou technologii LXT® a odolné nářadí pro profesionály.,Découvrez Makita : leader mondial des outils électroportatifs professionnels depuis 1915. Découvrez notre technologie sans fil LXT® et nos outils durables conçus pour les professionnels.,,,,,,,,,,,,,,,,,,,,,,,,,,,,,,,,,,,,,,,,,,,,,,,,,,,
,,,#VALUE!,,,,,,,,,,,,,,,,,,,,,,,,,,,,,,,,,,,,,,,,,,,,,,,,,,,,
legal.conditions.content,Contenu de la page conditions,"Terms of Use Last updated: 2024 1. Acceptance of Terms By accessing and using this website, you agree to be bound by these terms of use. If you do not agree to these terms, please do not use this site. 2. Description of Service This site is an affiliate site that provides links to products available on AliExpress. We do not sell the products directly, but earn a commission on sales made through our affiliate links. 3. Affiliate Links All links to AliExpress are affiliate links. By clicking on these links and making a purchase, we may receive a commission at no additional cost to you. 4. Liability We are not responsible for the quality, availability, or delivery of products sold on AliExpress. All disputes concerning products must be resolved directly with AliExpress or the seller. 5. Intellectual Property The content of this site, including text, images, and logos, is protected by intellectual property laws. Any unauthorized reproduction is prohibited. 6. Modifications We reserve the right to modify these terms of use at any time. Modifications will take effect immediately upon their posting on the website. 7. Contact For any questions regarding these terms of use, you can contact us at: contact@evanstudio.com","Podmínky použití Poslední aktualizace: 2024 1. Souhlas s podmínkami Přístupem na tyto webové stránky a jejich používáním souhlasíte s tím, že budete vázáni těmito podmínkami použití. Pokud s těmito podmínkami nesouhlasíte, prosím, tyto stránky nepoužívejte. 2. Popis služby Tyto stránky jsou partnerskými stránkami, které poskytují odkazy na produkty dostupné na AliExpress. Produkty neprodáváme přímo, ale získáváme provizi z prodeje uskutečněného prostřednictvím našich partnerských odkazů. 3. Partnerské odkazy Všechny odkazy na AliExpress jsou partnerské odkazy. Kliknutím na tyto odkazy a provedením nákupu můžeme obdržet provizi bez dalších nákladů pro vás. 4. Odpovědnost Nejsme zodpovědní za kvalitu, dostupnost ani dodání produktů prodávaných na AliExpress. Veškeré spory týkající se produktů musí být řešeny přímo s AliExpress nebo prodejcem. 5. Duševní vlastnictví Obsah těchto stránek, včetně textu, obrázků a log, je chráněn zákony o duševním vlastnictví. Jakákoli neoprávněná reprodukce je zakázána. 6. Změny Vyhrazujeme si právo kdykoli změnit tyto podmínky použití. Změny nabudou účinnosti okamžitě po jejich zveřejnění na webových stránkách. 7. Kontakt V případě jakýchkoli dotazů týkajících se těchto podmínek použití nás můžete kontaktovat na adrese: contact@evanstudio.com","Conditions d'utilisation Dernière mise à jour : 2024 1. Acceptation des conditions En accédant à ce site Web et en l'utilisant, vous acceptez d'être lié par les présentes conditions d'utilisation. Si vous n'acceptez pas ces conditions, veuillez ne pas utiliser ce site. 2. Description du service Ce site est un site affilié qui fournit des liens vers des produits disponibles sur AliExpress. Nous ne vendons pas les produits directement, mais percevons une commission sur les ventes réalisées via nos liens d'affiliation. 3. Liens d'affiliation Tous les liens vers AliExpress sont des liens d'affiliation. En cliquant sur ces liens et en effectuant un achat, nous pouvons recevoir une commission sans frais supplémentaires pour vous. 4. Responsabilité Nous ne sommes pas responsables de la qualité, de la disponibilité ou de la livraison des produits vendus sur AliExpress. Tout litige concernant les produits doit être résolu directement avec AliExpress ou le vendeur. 5. Propriété intellectuelle Le contenu de ce site, y compris les textes, les images et les logos, est protégé par les lois sur la propriété intellectuelle. Toute reproduction non autorisée est interdite. 6. Modifications Nous nous réservons le droit de modifier les présentes conditions d'utilisation à tout moment. Les modifications entreront en vigueur immédiatement après leur publication sur le site Web. 7. Contact Pour toute question concernant les présentes conditions d'utilisation, vous pouvez nous contacter à l'adresse suivante : contact@evanstudio.com",,,,,,,,,,,,,,,,,,,,,,,,,,,,,,,,,,,,,,,,,,,,,,,,,,,
legal.mentions.content,Contenu de la page mentions,"<p>Last updated: 2024</p>

<h2>1. Website Publisher</h2>
<ul>
    <li>Company name: EVAN STUDIO CO.LTD</li>
    <li>Email: contact@evanstudio.net</li>
</ul>

<h2>2. Publication Director</h2>
<p>EVAN STUDIO CO.LTD (Director and Owner)</p>

<h2>3. Hosting</h2>
<ul>
    <li>Host: Cloudflare</li>
    <li>Address: 101 Townsend St, San Francisco, CA 94107, USA</li>
</ul>

<h2>4. Intellectual Property</h2>
<p>This entire website is governed by French and international legislation on copyright and intellectual property. All rights of reproduction are reserved, including for downloadable documents and iconographic and photographic representations. Reproduction of all or part of this website on any electronic medium whatsoever is strictly prohibited without the express authorization of the publication director.</p>

<h2>5. Protection of Personal Data</h2>
<p>In accordance with the French Data Protection Act of 6 January 1978, as amended, and the General Data Protection Regulation (GDPR), you have the right to access, rectify, erase, and object to the processing of your personal data. To exercise this right, you can contact us at: contact@alxgroup.com</p>

<h2>6. External Links</h2>
<p>This site contains links to external websites. We are not responsible for the content of these external websites or their privacy policies.</p>

<h2>7. Cookies</h2>
<p>This site may use cookies to improve the user experience. For more information, please see our <a href=""https://policies.google.com/privacy?hl=en-US"">Privacy Policy</a>.</p>

<h2>8. Contact</h2>
<p>For any questions regarding these legal notices, you can contact us at: contact@evanstudio.com</p>","<p>Poslední aktualizace: 2024</p>

<h2>1. Vydavatel webových stránek</h2>
<ul>
<li>Název společnosti: EVAN STUDIO CO.LTD</li>
<li>E-mail: contact@evanstudio.net</li>
</ul>

<h2>2. Ředitel pro publikaci</h2>
<p>EVAN STUDIO CO.LTD (ředitel a majitel)</p>

<h2>3. Hosting</h2>
<ul>
<li>Hosting: Cloudflare</li>
<li>Adresa: 101 Townsend St, San Francisco, CA 94107, USA</li>
</ul>

<h2>4. Duševní vlastnictví</h2>
<p>Celé tyto webové stránky se řídí francouzskými a mezinárodními právními předpisy o autorských právech a duševním vlastnictví. Všechna práva na reprodukci jsou vyhrazena, včetně práv na dokumenty ke stažení a ikonografických a fotografických znázornění. Reprodukce těchto webových stránek nebo jejich částí na jakémkoli elektronickém médiu je bez výslovného souhlasu ředitele publikace přísně zakázána.</p>

<h2>5. Ochrana osobních údajů</h2>
<p>V souladu s francouzským zákonem o ochraně osobních údajů ze dne 6. ledna 1978 ve znění pozdějších předpisů a obecným nařízením o ochraně osobních údajů (GDPR) máte právo na přístup k vašim osobním údajům, jejich opravu, vymazání a vznesení námitek proti jejich zpracování. Chcete-li toto právo uplatnit, můžete nás kontaktovat na adrese: contact@alxgroup.com</p>

<h2>6. Externí odkazy</h2>
<p>Tyto stránky obsahují odkazy na externí webové stránky. Neneseme odpovědnost za obsah těchto externích webových stránek ani za jejich zásady ochrany osobních údajů.</p>

<h2>7. Soubory cookie</h2>
<p>Tyto stránky mohou používat soubory cookie ke zlepšení uživatelského prostředí. Další informace naleznete v našich <a href=""https://policies.google.com/privacy?hl=en-US"">Zásadách ochrany osobních údajů</a>.</p>

<h2>8. Kontakt</h2>
<p>S jakýmikoli dotazy týkajícími se těchto právních upozornění nás můžete kontaktovat na adrese: contact@evanstudio.com</p>","<p>Dernière mise à jour : 2024</p>

<h2>1. Éditeur du site web</h2>

<ul>

<li>Nom de l’entreprise : EVAN STUDIO CO.LTD</li>

<li>Courriel : contact@evanstudio.net</li>

</ul>

<h2>2. Directeur de la publication</h2>

<p>EVAN STUDIO CO.LTD (Directeur et propriétaire)</p>

<h2>3. Hébergement</h2>

<ul>
<li>Hébergeur : Cloudflare</li>

<li>Adresse : 101 Townsend St, San Francisco, CA 94107, États-Unis</li>

</ul>

<h2>4. Propriété intellectuelle</h2>

<p>L’intégralité de ce site web est protégée par la législation française et internationale sur le droit d’auteur et la propriété intellectuelle. Tous les droits de reproduction sont réservés, y compris pour les documents téléchargeables et les représentations iconographiques et photographiques. La reproduction de tout ou partie de ce site web sur quelque support électronique que ce soit est strictement interdite sans l'autorisation expresse du directeur de la publication.

5. Protection des données personnelles

Conformément à la loi Informatique et Libertés du 6 janvier 1978 modifiée et au Règlement général sur la protection des données (RGPD), vous disposez d'un droit d'accès, de rectification, d'effacement et d'opposition au traitement de vos données personnelles. Pour exercer ce droit, vous pouvez nous contacter à l'adresse : contact@alxgroup.com

6. Liens externes

Ce site contient des liens vers des sites web externes. Nous ne sommes pas responsables du contenu de ces sites ni de leurs politiques de confidentialité.

7. Cookies

Ce site peut utiliser des cookies afin d'améliorer votre expérience utilisateur. Pour plus d'informations, veuillez consulter notre <a href=""https://policies.google.com/privacy?hl=en-US"">Politique de confidentialité</a>.</p>

<h2>8. Contact</h2>

<p>Pour toute question concernant ces mentions légales, vous pouvez nous contacter à l'adresse : contact@evanstudio.com</p>",,,,,,,,,,,,,,,,,,,,,,,,,,,,,,,,,,,,,,,,,,,,,,,,,,,
legal.policy.content,Contenu de la page policy,"<p>Last updated: 2024</p>

<h2>1. Introduction</h2>
<p>This privacy policy describes how we collect, use, and protect your personal information when you use our website.</p>

<h2>2. Data Collected</h2>
<ul>
    <li>Browsing data: IP address, browser type, pages visited, visit duration</li>
    <li>Cookies: to improve your user experience and analyze traffic</li>
    <li>Contact data: if you contact us via the form or email</li>
</ul>

<h2>3. Use of Data</h2>
<ul>
    <li>Improve the website's functionality</li>
    <li>Analyze website traffic and usage</li>
    <li>Contact you in response to your inquiries</li>
    <li>Comply with our legal obligations</li>
</ul>

<h2>4. Cookies</h2>
<ul>
    <li>Remember your preferences</li>
    <li>Analyze website traffic</li>
    <li>Improve the user experience</li>
</ul>
<p>You can disable cookies in your browser settings, but this may affect some website functionality.</p>

<h2>5. Data Sharing</h2>
<p>We do not sell, rent, or share your personal data with third parties, except:</p>
<ul>
    <li>When required by law</li>
    <li>With your explicit consent</li>
    <li>With our service providers (hosting, analytics) under a confidentiality agreement</li>
</ul>

<h2>6. Data Security</h2>
<p>We implement appropriate security measures to protect your personal data against unauthorized access, modification, disclosure, or destruction.</p>

<h2>7. Your Rights (GDPR)</h2>
<ul>
    <li>Right of access: you can request a copy of your personal data</li>
    <li>Right to rectification: you can correct your inaccurate data</li>
    <li>Right to erasure: you can request the deletion of your data</li>
    <li>Right to object: You can object to the processing of your personal data under certain circumstances.</li>
</ul>","<p>Poslední aktualizace: 2024</p>

<h2>1. Úvod</h2>
<p>Tyto zásady ochrany osobních údajů popisují, jak shromažďujeme, používáme a chráníme vaše osobní údaje, když používáte naše webové stránky.</p>

<h2>2. Shromažďované údaje</h2>
<ul>
<li>Údaje o prohlížení: IP adresa, typ prohlížeče, navštívené stránky, délka návštěvy</li>
<li>Soubory cookie: pro zlepšení uživatelského prostředí a analýzu návštěvnosti</li>
<li>Kontaktní údaje: pokud nás kontaktujete prostřednictvím formuláře nebo e-mailu</li>
</ul>

<h2>3. Použití údajů</h2>
<ul>
<li>Zlepšení funkčnosti webových stránek</li>
<li>Analýza návštěvnosti a používání webových stránek</li>
<li>Kontaktování v reakci na vaše dotazy</li>
<li>Dodržování našich zákonných povinností</li>
</ul>

<h2>4. Soubory cookie</h2>
<ul>
<li>Zapamatování vašich preferencí</li>
<li>Analýza návštěvnosti webových stránek</li>
<li>Zlepšení uživatelského prostředí</li>
</ul>
<p>Soubory cookie můžete v nastavení prohlížeče zakázat, ale to může ovlivnit některé funkce webových stránek.</p>

<h2>5. Sdílení dat</h2>
<p>Vaše osobní údaje neprodáváme, nepronajímáme ani nesdílíme s třetími stranami, s výjimkou:</p>
<ul>
<li>Pokud to vyžaduje zákon</li>
<li>S vaším výslovným souhlasem</li>
<li>S našimi poskytovateli služeb (hosting, analytika) na základě dohody o mlčenlivosti</li>
</ul>

<h2>6. Zabezpečení dat</h2>
<p>Zavádíme vhodná bezpečnostní opatření k ochraně vašich osobních údajů před neoprávněným přístupem, úpravou, zveřejněním nebo zničením.</p>

<h2>7. Vaše práva (GDPR)</h2>
<ul>
<li>Právo na přístup: můžete požádat o kopii svých osobních údajů</li>
<li>Právo na opravu: můžete opravit své nepřesné údaje</li>
<li>Právo na výmaz: můžete požádat o smazání svých údajů</li>
<li>Právo vznést námitku: Za určitých okolností můžete vznést námitku proti zpracování svých osobních údajů.</li>
</ul>","<p>Dernière mise à jour : 2024</p>

<h2>1. Introduction</h2>

<p>Cette politique de confidentialité décrit comment nous recueillons, utilisons et protégeons vos données personnelles lorsque vous utilisez notre site web.</p>

<h2>2. Données collectées</h2>

<ul>
<li>Données de navigation : adresse IP, type de navigateur, pages consultées, durée des visites</li>

<li>Cookies : pour améliorer votre expérience utilisateur et analyser le trafic</li>

<li>Données de contact : si vous nous contactez via le formulaire ou par e-mail</li>

</ul>

<h2>3. Utilisation des données</h2>

<ul>
<li>Améliorer les fonctionnalités du site web</li>

<li>Analyser le trafic et l’utilisation du site web</li>

<li>Répondre à vos demandes</li>

<li>Respecter nos obligations légales</li>

</ul>

<h2>4. Cookies</h2>

<ul>
<li>Mémoriser vos préférences</li>

<li>Analyser le trafic du site web</li>

<li>Améliorer l'expérience utilisateur</li>

</ul>
<p>Vous pouvez désactiver les cookies dans les paramètres de votre navigateur, mais cela peut affecter certaines fonctionnalités du site web.</p>

<h2>5. Partage des données</h2>

<p>Nous ne vendons, ne louons ni ne partageons vos données personnelles avec des tiers, sauf :</p>

<ul>
<li>Lorsque la loi l'exige</li>

<li>Avec votre consentement explicite</li>

<li>Avec nos prestataires de services (hébergement, analyse) dans le cadre d'un accord de confidentialité</li>

</ul>

<h2>6. Sécurité des données</h2>

<p>Nous mettons en œuvre des mesures de sécurité appropriées pour protéger vos données personnelles contre tout accès, modification, divulgation ou destruction non autorisés.</p>

<h2>7. Vos droits (RGPD)</h2>

<ul>

<li>Droit d'accès : vous pouvez demander une copie de vos données personnelles</li>

<li>Droit de rectification : vous pouvez corriger vos données inexactes</li>

<li>Droit à l'effacement : vous pouvez demander la suppression de vos données</li>

<li>Droit d'opposition : vous pouvez vous opposer au traitement de vos données personnelles dans certaines circonstances.</li>
</ul>",,,,,,,,,,,,,,,,,,,,,,,,,,,,,,,,,,,,,,,,,,,,,,,,,,,
legal.aboutus.content,Contenu de la page about us," <h1>The Bafang Story - Powering the E-Mobility Revolution</h1>

    <p>Bafang is more than just a manufacturer of e-bike components; they are a driving force behind the global e-bike movement, committed to making electric cycling accessible, enjoyable, and reliable for everyone—from the daily commuter to the dedicated mountain biker.</p>

    <h2>Our History: From Humble Beginnings to Global Leader</h2>

    <p>The Bafang story is a testament to dedication and forward-thinking engineering.</p>

    <p>Bafang was founded in 2003 in Suzhou, China, with a clear, ambitious goal: to develop and produce the highest quality components for electric bikes and scooters. In the early days, the e-bike market was nascent, but Bafang's founders saw the incredible potential for electric assist technology to change transportation.</p>

    <p>Right from the start, Bafang focused intensely on <strong>R&D and vertical integration</strong>. This commitment allowed them to control every stage of the manufacturing process, from design concept to final assembly, ensuring unmatched quality and consistency.</p>

    <p>Over the next two decades, Bafang's reputation grew rapidly based on the reliability and robustness of their products, leading to major milestones:</p>
    <ul>
        <li><strong>Pioneering Mid-Drive Systems:</strong> Bafang became globally recognized for their powerful and versatile mid-drive motor series (like the popular BBS and M series), which redefined performance and integration in e-bikes.</li>
        <li><strong>Global Expansion:</strong> With design centers in Europe and a vast manufacturing network, Bafang became a truly international company, supplying their components to bike brands and enthusiasts across every continent.</li>
    </ul>

    <h2>Our Vision: A Greener, More Accessible Future</h2>

    <p>Bafang's vision extends beyond the workshop. They are committed to:</p>
    <ul>
        <li><strong>Sustainable Mobility:</strong> By promoting electric cycling, Bafang contributes directly to reducing traffic congestion, decreasing carbon emissions, and encouraging healthier, active lifestyles.</li>
        <li><strong>Technological Accessibility:</strong> They strive to create components that are not only high-performing but also affordable, allowing more people worldwide to experience the joy and utility of electric bikes.</li>
    </ul>

    <h2>The Technology Behind the Power</h2>

    <p>What truly sets Bafang apart is their commitment to sophisticated, user-focused engineering across their complete product portfolio, which includes <strong>Hub Motors, Mid-Drive Systems, Batteries, Controllers, and HMI (Human-Machine Interface)</strong> displays.</p>

    <h3>The Power of the Mid-Drive</h3>
    <p>Bafang is most celebrated for its mid-drive systems, which are engineered for optimal performance:</p>
    <ul>
        <li><strong>Efficiency:</strong> By powering the bike's drivetrain directly through the chain, the motor can utilize the bike’s gears. This allows the motor to operate at its most efficient RPM, delivering high torque and superior hill-climbing ability while consuming less power.</li>
        <li><strong>Balance:</strong> Positioning the motor centrally and low on the frame maintains the bike's center of gravity, resulting in balanced handling and a natural cycling feel.</li>
        <li><strong>Reliability:</strong> Bafang motors are renowned for their rugged, durable design, capable of handling extreme weather and demanding terrains.</li>
    </ul>

    <h2>Bafang: Our Commitment to You</h2>

    <p>We are dedicated to bringing the quality and innovation of Bafang directly to you. We choose Bafang because we share their commitment to excellence.</p>

    <p>When you choose a Bafang-powered product from us, you are investing in:</p>
    <ul>
        <li><strong>Proven Reliability:</strong> Components that have been rigorously tested and trusted by millions of riders globally.</li>
        <li><strong>Leading Performance:</strong> Access to the latest e-bike motor and battery technology.</li>
        <li><strong>Exceptional Value:</strong> The perfect balance of premium quality and competitive pricing.</li>
    </ul>

    <p><strong>Join the e-mobility revolution. Experience the Bafang difference today!</strong></p>
","<h1>Příběh společnosti Bafang – Pohání revoluci v oblasti elektromobility</h1>

<p>Bafang je více než jen výrobce komponentů pro elektrokola; je hnací silou globálního hnutí za elektrokola a je odhodlán zpřístupnit, zpříjemnit a zspolehlivit elektrickou cyklistiku pro každého – od každodenních dojíždějících až po oddané horské cyklisty.</p>

<h2>Naše historie: Od skromných začátků ke globálnímu lídrovi</h2>

<p>Příběh společnosti Bafang je důkazem odhodlání a progresivního inženýrství.</p>

<p>Společnost Bafang byla založena v roce 2003 v čínském Su-čou s jasným a ambiciózním cílem: vyvíjet a vyrábět komponenty nejvyšší kvality pro elektrokola a koloběžky. V počátcích byl trh s elektrokoly teprve v rané fázi, ale zakladatelé společnosti Bafang viděli neuvěřitelný potenciál technologie elektrické asistence pro změnu dopravy.</p>

<p>Hned od začátku se společnost Bafang intenzivně zaměřovala na <strong>výzkum a vývoj a vertikální integraci</strong>. Tento závazek jim umožnil kontrolovat každou fázi výrobního procesu, od návrhu až po finální montáž, a zajistit tak bezkonkurenční kvalitu a konzistenci.</p>

<p>Během následujících dvou desetiletí se reputace společnosti Bafang rychle rozrůstala díky spolehlivosti a robustnosti jejích produktů, což vedlo k významným milníkům:</p>
<ul>
<li><strong>Průkopnické systémy středního pohonu:</strong> Společnost Bafang se stala celosvětově uznávanou pro svou výkonnou a všestrannou řadu motorů se středním pohonem (jako například populární řady BBS a M), které nově definovaly výkon a integraci v elektrokolech.</li>
<li><strong>Globální expanze:</strong> Díky designovým centrům v Evropě a rozsáhlé výrobní síti se společnost Bafang stala skutečně mezinárodní společností, která dodává své komponenty značkám a nadšencům kol na všech kontinentech.</li>
</ul>

<h2>Naše vize: Zelenější a dostupnější budoucnost</h2>

<p>Vize společnosti Bafang přesahuje rámec dílny. Zavázali se k:</p>
<ul>
<li><strong>Udržitelná mobilita:</strong> Podporou elektrické cyklistiky Bafang přímo přispívá ke snižování dopravních zácp, snižování emisí uhlíku a podpoře zdravějšího a aktivního životního stylu.</li>
<li><strong>Technologická dostupnost:</strong> Snaží se vytvářet komponenty, které jsou nejen vysoce výkonné, ale také cenově dostupné, a umožňují tak více lidem na celém světě zažít radost a užitečnost elektrických kol.</li>
</ul>

<h2>Technologie stojící za výkonem</h2>

<p>Co skutečně odlišuje Bafang, je jejich závazek k sofistikovanému, uživatelsky orientovanému inženýrství v celém portfoliu produktů, které zahrnuje <strong>nábojové motory, systémy středního pohonu, baterie, řídicí jednotky a displeje HMI (rozhraní člověk-stroj)</strong>.</p>

<h3>Síla středního pohonu</h3>
<p>Bafang je nejvíce oslavován svými systémy středního pohonu, které jsou navrženy pro optimální výkon:</p>
<ul>
<li><strong>Účinnost:</strong> Díky přímému pohonu kola přes řetěz může motor využívat převody kola. To umožňuje motoru pracovat s nejefektivnějšími otáčkami, což zajišťuje vysoký točivý moment a vynikající stoupavost při nižší spotřebě energie.</li>
<li><strong>Vyváženost:</strong> Umístění motoru centrálně a nízko na rámu udržuje těžiště kola, což vede k vyvážené ovladatelnosti a přirozenému pocitu z jízdy.</li>
<li><strong>Spolehlivost:</strong> Motory Bafang jsou proslulé svou robustní a odolnou konstrukcí, která zvládá extrémní počasí a náročný terén.</li>
</ul>

<h2>Bafang: Náš závazek vůči vám</h2>

<p>Jsme odhodláni přinášet kvalitu a inovace Bafangu přímo k vám. Volíme Bafang, protože sdílíme jejich závazek k dokonalosti.</p>

<p>Když si u nás vyberete produkt s pohonem Bafang, investujete do:</p>
<ul>
<li><strong>Osvědčená spolehlivost:</strong> Komponenty, které byly důkladně testovány a důvěřují jim miliony jezdců po celém světě.</li>
<li><strong>Špičkový výkon:</strong> Přístup k nejnovějším technologiím motorů a baterií pro elektrokola.</li>
<li><strong>Výjimečná hodnota:</strong> Dokonalá rovnováha mezi prémiovou kvalitou a konkurenceschopnou cenou.</li>
</ul>

<p><strong>Připojte se k revoluci v elektromobilitě. Zažijte rozdíl s Bafangy ještě dnes!</strong></p>
","id=""about-bafang"">",,,,,,,,,,,,,,,,,,,,,,,,,,,,,,,,,,,,,,,,,,,,,,,,,,,
,,,#VALUE!,,,,,,,,,,,,,,,,,,,,,,,,,,,,,,,,,,,,,,,,,,,,,,,,,,,,
,,,#VALUE!,,,,,,,,,,,,,,,,,,,,,,,,,,,,,,,,,,,,,,,,,,,,,,,,,,,,
,,,#VALUE!,,,,,,,,,,,,,,,,,,,,,,,,,,,,,,,,,,,,,,,,,,,,,,,,,,,,
footer.copyright,Texte copyright footer,© 2024 AliExpress Affiliate. All rights reserved.,© 2024 Partnerský program AliExpress. Všechna práva vyhrazena.,© 2024 Partenaire AliExpress. Tous droits réservés.,,,,,,,,,,,,,,,,,,,,,,,,,,,,,,,,,,,,,,,,,,,,,,,,,,,
footer.contact,Texte contact footer,Contact us:,Kontaktujte nás:,Contactez-nous:,,,,,,,,,,,,,,,,,,,,,,,,,,,,,,,,,,,,,,,,,,,,,,,,,,,
site.domain,Domaine du site (URL de base),https://bafang-shop.com,https://bafang-shop.com,https://bafang-shop.com,,,,,,,,,,,,,,,,,,,,,,,,,,,,,,,,,,,,,,,,,,,,,,,,,,,
site.contact.email,Adresse email de contact,contact@evanstudio.net,kontakt@evanstudio.net,contact@evanstudio.net,,,,,,,,,,,,,,,,,,,,,,,,,,,,,,,,,,,,,,,,,,,,,,,,,,,
,,,#VALUE!,,,,,,,,,,,,,,,,,,,,,,,,,,,,,,,,,,,,,,,,,,,,,,,,,,,,
,,,#VALUE!,,,,,,,,,,,,,,,,,,,,,,,,,,,,,,,,,,,,,,,,,,,,,,,,,,,,
,,</head>,</head>,</head>,transportation.</p>,transportation.</p>,transportation.</p>,transportation.</p>,transportation.</p>,transportation.</p>,transportation.</p>,transportation.</p>,transportation.</p>,transportation.</p>,transportation.</p>,transportation.</p>,transportation.</p>,transportation.</p>,transportation.</p>,transportation.</p>,transportation.</p>,transportation.</p>,transportation.</p>,transportation.</p>,transportation.</p>,transportation.</p>,transportation.</p>,transportation.</p>,transportation.</p>,transportation.</p>,transportation.</p>,transportation.</p>,transportation.</p>,transportation.</p>,transportation.</p>,transportation.</p>,transportation.</p>,transportation.</p>,transportation.</p>,transportation.</p>,transportation.</p>,transportation.</p>,transportation.</p>,transportation.</p>,transportation.</p>,transportation.</p>,transportation.</p>,transportation.</p>,transportation.</p>,transportation.</p>,transportation.</p>,transportation.</p>,transportation.</p>,transportation.</p>,transportation.</p>
,,<body>,<tělo>,<corps>,,,,,,,,,,,,,,,,,,,,,,,,,,,,,,,,,,,,,,,,,,,,,,,,,,,
,,,#VALUE!,,,,,,,,,,,,,,,,,,,,,,,,,,,,,,,,,,,,,,,,,,,,,,,,,,,,
,,,#VALUE!,,,,,,,,,,,,,,,,,,,,,,,,,,,,,,,,,,,,,,,,,,,,,,,,,,,,
,,,#VALUE!,,,,,,,,,,,,,,,,,,,,,,,,,,,,,,,,,,,,,,,,,,,,,,,,,,,,
,Index,,#VALUE!,,,,,,,,,,,,,,,,,,,,,,,,,,,,,,,,,,,,,,,,,,,,,,,,,,,,
,,,#VALUE!,,,,,,,,,,,,,,,,,,,,,,,,,,,,,,,,,,,,,,,,,,,,,,,,,,,,
site.meta.title,Titre SEO du site (page d'accueil),Bafang Electric Bike Motors & Parts – Official Store,Motory a díly pro elektrokola Bafang – oficiální obchod,Programme d'affiliation AliExpress - Meilleurs produits,,,,,,,,,,,,,,,,,,,,,,,,,,,,,,,,,,,,,,,,,,,,,,,,,,,
site.meta.description,Description SEO du site (page d'accueil),"Discover Bafang e-bike motors, batteries, and accessories. High-performance, reliable components for electric bikes. Fast shipping and quality guaranteed.","Objevte motory, baterie a příslušenství pro elektrokola Bafang. Vysoce výkonné a spolehlivé komponenty pro elektrokola. Rychlé dodání a záruka kvality.",Découvrez les meilleurs produits MAKITA sur AliExpress grâce à nos liens d'affiliation. Offres exclusives et prix compétitifs.,,,,,,,,,,,,,,,,,,,,,,,,,,,,,,,,,,,,,,,,,,,,,,,,,,,
homepage.hero.title,Titre principal de la page d'accueil (hero),Discover the Best Products of BAFANG,Objevte nejlepší produkty BAFANG,Découvrez les meilleurs produits MAKITA,,,,,,,,,,,,,,,,,,,,,,,,,,,,,,,,,,,,,,,,,,,,,,,,,,,
homepage.hero.subtitle,Sous-titre de la page d'accueil (hero),Exclusive offers and competitive prices for all your needs,Exkluzivní nabídky a konkurenceschopné ceny pro všechny vaše potřeby,Des offres exclusives et des prix compétitifs pour tous vos besoins,,,,,,,,,,,,,,,,,,,,,,,,,,,,,,,,,,,,,,,,,,,,,,,,,,,
homepage.hero.button,Texte du bouton hero,View Products,Zobrazit produkty,Voir les produits,,,,,,,,,,,,,,,,,,,,,,,,,,,,,,,,,,,,,,,,,,,,,,,,,,,
homepage.hero.button.url,URL du lien du bouton hero,https://www.aliexpress.com/store/1103590012?spm=a2g0o.detail.0.0.133b4nTV4nTVgS&sortType=bestmatch_sort,https://www.aliexpress.com/store/1103590012?spm=a2g0o.detail.0.0.133b4nTV4nTVgS&sortType=bestmatch_sort,https://www.aliexpress.com/store/1104758161/pages/all-items.html?spm=a2g0o.store_pc_home.pcShopHead_2012153514384.99&sortType=bestmatch_sort&shop_sortType=bestmatch_sort,,,,,,,,,,,,,,,,,,,,,,,,,,,,,,,,,,,,,,,,,,,,,,,,,,,
,,,#VALUE!,,,,,,,,,,,,,,,,,,,,,,,,,,,,,,,,,,,,,,,,,,,,,,,,,,,,
,,,#VALUE!,,,,,,,,,,,,,,,,,,,,,,,,,,,,,,,,,,,,,,,,,,,,,,,,,,,,
,,,#VALUE!,,,,,,,,,,,,,,,,,,,,,,,,,,,,,,,,,,,,,,,,,,,,,,,,,,,,
,,,#VALUE!,,,,,,,,,,,,,,,,,,,,,,,,,,,,,,,,,,,,,,,,,,,,,,,,,,,,
,,,#VALUE!,,,,,,,,,,,,,,,,,,,,,,,,,,,,,,,,,,,,,,,,,,,,,,,,,,,,
,,,#VALUE!,,,,,,,,,,,,,,,,,,,,,,,,,,,,,,,,,,,,,,,,,,,,,,,,,,,,
,,,#VALUE!,,,,,,,,,,,,,,,,,,,,,,,,,,,,,,,,,,,,,,,,,,,,,,,,,,,,
,,,#VALUE!,,,,,,,,,,,,,,,,,,,,,,,,,,,,,,,,,,,,,,,,,,,,,,,,,,,,
,,,#VALUE!,,,,,,,,,,,,,,,,,,,,,,,,,,,,,,,,,,,,,,,,,,,,,,,,,,,,
,,,#VALUE!,,,,,,,,,,,,,,,,,,,,,,,,,,,,,,,,,,,,,,,,,,,,,,,,,,,,
,,,#VALUE!,,,,,,,,,,,,,,,,,,,,,,,,,,,,,,,,,,,,,,,,,,,,,,,,,,,,
,,,#VALUE!,,,,,,,,,,,,,,,,,,,,,,,,,,,,,,,,,,,,,,,,,,,,,,,,,,,,
,,,#VALUE!,,,,,,,,,,,,,,,,,,,,,,,,,,,,,,,,,,,,,,,,,,,,,,,,,,,,
,,,#VALUE!,,,,,,,,,,,,,,,,,,,,,,,,,,,,,,,,,,,,,,,,,,,,,,,,,,,,
,,,#VALUE!,,,,,,,,,,,,,,,,,,,,,,,,,,,,,,,,,,,,,,,,,,,,,,,,,,,,
,,,#VALUE!,,,,,,,,,,,,,,,,,,,,,,,,,,,,,,,,,,,,,,,,,,,,,,,,,,,,
,,,#VALUE!,,,,,,,,,,,,,,,,,,,,,,,,,,,,,,,,,,,,,,,,,,,,,,,,,,,,
,,,#VALUE!,,,,,,,,,,,,,,,,,,,,,,,,,,,,,,,,,,,,,,,,,,,,,,,,,,,,
,,,#VALUE!,,,,,,,,,,,,,,,,,,,,,,,,,,,,,,,,,,,,,,,,,,,,,,,,,,,,
,,,#VALUE!,,,,,,,,,,,,,,,,,,,,,,,,,,,,,,,,,,,,,,,,,,,,,,,,,,,,
,presentation,,#VALUE!,,,,,,,,,,,,,,,,,,,,,,,,,,,,,,,,,,,,,,,,,,,,,,,,,,,,
,,,#VALUE!,,,,,,,,,,,,,,,,,,,,,,,,,,,,,,,,,,,,,,,,,,,,,,,,,,,,
homepage.presentation.title,Titre de la section présentation marque,About BAFANG,O společnosti BAFANG,À propos de MAKITA,,,,,,,,,,,,,,,,,,,,,,,,,,,,,,,,,,,,,,,,,,,,,,,,,,,
homepage.presentation.content,Contenu de la section présentation marque,"Bafang is a global leader in e-mobility solutions, specializing in high-performance electric bike systems. Founded in 2003, the company designs and manufactures motors, batteries, controllers, and complete drive systems trusted by brands worldwide. With a strong commitment to innovation, quality, and riding comfort, Bafang delivers reliable technology for commuters, adventurers, and e-bike manufacturers. Its products combine efficiency, durability, and smooth power delivery to enhance every cycling experience.","Společnost Bafang je světovým lídrem v oblasti řešení pro elektromobilitu a specializuje se na vysoce výkonné systémy pro elektrokola. Společnost, založená v roce 2003, navrhuje a vyrábí motory, baterie, regulátory a kompletní pohonné systémy, kterým důvěřují značky po celém světě. Díky silnému závazku k inovacím, kvalitě a jízdnímu komfortu dodává Bafang spolehlivé technologie pro dojíždějící, dobrodruhy a výrobce elektrokol. Její produkty kombinují účinnost, odolnost a plynulý přenos energie, aby vylepšily každý cyklistický zážitek.","Makita est une marque japonaise leader dans le secteur mondial de l'outillage électroportatif, reconnue pour son innovation, sa robustesse et ses performances professionnelles exceptionnelles. Fondée au Japon il y a plus d'un siècle, Makita s'est forgée une solide réputation en créant des outils alliant technologie de pointe, confort ergonomique et fiabilité hors pair. Sa vaste gamme comprend des perceuses, des meuleuses d'angle, des scies, des batteries et des accessoires conçus pour les professionnels et les bricoleurs exigeants. Chaque outil Makita est conçu pour offrir puissance, précision et une efficacité durable, garantissant des résultats optimaux sur tous les chantiers. En mettant l'accent sur la sécurité, le confort d'utilisation et la productivité, Makita demeure un partenaire de confiance pour la construction, la rénovation, le travail du bois et les applications industrielles dans le monde entier.",,,,,,,,,,,,,,,,,,,,,,,,,,,,,,,,,,,,,,,,,,,,,,,,,,,
,,,#VALUE!,,,,,,,,,,,,,,,,,,,,,,,,,,,,,,,,,,,,,,,,,,,,,,,,,,,,
,,,#VALUE!,,,,,,,,,,,,,,,,,,,,,,,,,,,,,,,,,,,,,,,,,,,,,,,,,,,,
,,,#VALUE!,,,,,,,,,,,,,,,,,,,,,,,,,,,,,,,,,,,,,,,,,,,,,,,,,,,,
,,,#VALUE!,,,,,,,,,,,,,,,,,,,,,,,,,,,,,,,,,,,,,,,,,,,,,,,,,,,,
,,,#VALUE!,,,,,,,,,,,,,,,,,,,,,,,,,,,,,,,,,,,,,,,,,,,,,,,,,,,,
,,,#VALUE!,,,,,,,,,,,,,,,,,,,,,,,,,,,,,,,,,,,,,,,,,,,,,,,,,,,,
homepage.advantages.title,Titre de la section avantages,</section>,</section>,Pourquoi nous choisir ?,,,,,,,,,,,,,,,,,,,,,,,,,,,,,,,,,,,,,,,,,,,,,,,,,,,
homepage.advantages.factory_price.title,Titre avantage: Prix Direct Usine,Factory Direct Price,Cena přímo od výrobce,Prix ​​direct usine,,,,,,,,,,,,,,,,,,,,,,,,,,,,,,,,,,,,,,,,,,,,,,,,,,,
homepage.advantages.factory_price.description,Description avantage: Prix Direct Usine,Benefit from factory-direct pricing without intermediaries.,Využijte výhod přímých cen od výrobce bez zprostředkovatelů.,"Bénéficiez de prix directs d'usine, sans intermédiaires.",,,,,,,,,,,,,,,,,,,,,,,,,,,,,,,,,,,,,,,,,,,,,,,,,,,
homepage.advantages.worldwide_shipping.title,Titre avantage: Livraison Mondiale,Worldwide Delivery,Dodání po celém světě,Livraison internationale,,,,,,,,,,,,,,,,,,,,,,,,,,,,,,,,,,,,,,,,,,,,,,,,,,,
homepage.advantages.worldwide_shipping.description,Description avantage: Livraison Mondiale,Worldwide delivery for all your needs,Dodání po celém světě pro všechny vaše potřeby,Livraison dans le monde entier pour tous vos besoins,,,,,,,,,,,,,,,,,,,,,,,,,,,,,,,,,,,,,,,,,,,,,,,,,,,
homepage.advantages.customer_service.title,Titre avantage: Service Après-Vente Réactif,Responsive After-Sales Service,Responzivní poprodejní servis,Service après-vente réactif,,,,,,,,,,,,,,,,,,,,,,,,,,,,,,,,,,,,,,,,,,,,,,,,,,,
homepage.advantages.customer_service.description,Description avantage: Service Après-Vente Réactif,A responsive and available after-sales service to assist you,"Reagující a dostupný poprodejní servis, který vám pomůže",Un service après-vente réactif et disponible pour vous assister,,,,,,,,,,,,,,,,,,,,,,,,,,,,,,,,,,,,,,,,,,,,,,,,,,,
homepage.advantages.secure_payment.title,Titre avantage: Paiement Sécurisé,Secure Payment,Bezpečná platba,Paiement sécurisé,,,,,,,,,,,,,,,,,,,,,,,,,,,,,,,,,,,,,,,,,,,,,,,,,,,
homepage.advantages.secure_payment.description,Description avantage: Paiement Sécurisé,Secure payment by credit card with maximum protection,Bezpečná platba kreditní kartou s maximální ochranou,Paiement sécurisé par carte bancaire avec protection maximale,,,,,,,,,,,,,,,,,,,,,,,,,,,,,,,,,,,,,,,,,,,,,,,,,,,
homepage.faq.title,Titre de la section FAQ,Frequently Asked Questions,Často kladené otázky,Foire aux questions,,,,,,,,,,,,,,,,,,,,,,,,,,,,,,,,,,,,,,,,,,,,,,,,,,,
homepage.categories.title,Titre de la section catégories,Our Categories,Naše kategorie,Nos catégories,,,,,,,,,,,,,,,,,,,,,,,,,,,,,,,,,,,,,,,,,,,,,,,,,,,
homepage.testimonials.title,Titre de la section témoignages,Customer Reviews,Recenze zákazníků,Avis clients,,,,,,,,,,,,,,,,,,,,,,,,,,,,,,,,,,,,,,,,,,,,,,,,,,,
homepage.stats.title,Titre de la section statistiques,Our Key Figures,Naše klíčové údaje,Nos chiffres clés,,,,,,,,,,,,,,,,,,,,,,,,,,,,,,,,,,,,,,,,,,,,,,,,,,,
homepage.stats.products.number,Nombre de produits,420+,420+,1120+,,,,,,,,,,,,,,,,,,,,,,,,,,,,,,,,,,,,,,,,,,,,,,,,,,,
homepage.stats.products.label,Label produits,Products Available,Dostupné produkty,Produits disponibles,,,,,,,,,,,,,,,,,,,,,,,,,,,,,,,,,,,,,,,,,,,,,,,,,,,
homepage.stats.countries.number,Nombre de pays,100+,100+,110+,,,,,,,,,,,,,,,,,,,,,,,,,,,,,,,,,,,,,,,,,,,,,,,,,,,
homepage.stats.countries.label,Label pays,Country of Delivery,Země doručení,Pays de livraison,,,,,,,,,,,,,,,,,,,,,,,,,,,,,,,,,,,,,,,,,,,,,,,,,,,
homepage.stats.satisfaction.number,Taux de satisfaction,98%,98 %,98%,,,,,,,,,,,,,,,,,,,,,,,,,,,,,,,,,,,,,,,,,,,,,,,,,,,
homepage.stats.satisfaction.label,Label satisfaction,Customer Satisfaction,Spokojenost zákazníků,Satisfaction client,,,,,,,,,,,,,,,,,,,,,,,,,,,,,,,,,,,,,,,,,,,,,,,,,,,
homepage.stats.support.number,Support client,24/7,24/7,24h/24 et 7j/7,,,,,,,,,,,,,,,,,,,,,,,,,,,,,,,,,,,,,,,,,,,,,,,,,,,
homepage.stats.support.label,Label support,Customer Service,Služby zákazníkům,Service client,,,,,,,,,,,,,,,,,,,,,,,,,,,,,,,,,,,,,,,,,,,,,,,,,,,
homepage.testimonials.1.name,Nom du témoignage 1,David K.,David K.,David K.,,,,,,,,,,,,,,,,,,,,,,,,,,,,,,,,,,,,,,,,,,,,,,,,,,,
homepage.testimonials.1.text,Texte du témoignage 1,"Excellent service! I ordered a Bafang BBS02 mid-drive motor and I am very satisfied. The quality is excellent, the delivery was fast and the packaging was neat. The motor performs exactly as described and has transformed my bike into a powerful e-bike. I recommend without hesitation.","Vynikající služby! Objednal jsem si motor Bafang BBS02 s pohonem uprostřed a jsem velmi spokojen. Kvalita je vynikající, dodání bylo rychlé a balení bylo úhledné. Motor funguje přesně tak, jak je popsáno, a proměnil mé kolo ve výkonné elektrokolo. Bez váhání doporučuji.","Service impeccable ! J'ai commandé un moteur Bafang BBS02 et j'en suis très satisfait. La qualité est excellente, la livraison a été rapide et l'emballage soigné. Le moteur fonctionne parfaitement et a transformé mon vélo en un vélo électrique puissant. Je le recommande sans hésiter.",,,,,,,,,,,,,,,,,,,,,,,,,,,,,,,,,,,,,,,,,,,,,,,,,,,
homepage.testimonials.2.name,Nom du témoignage 2,Sarah M.,Sára M.,Sarah M.,,,,,,,,,,,,,,,,,,,,,,,,,,,,,,,,,,,,,,,,,,,,,,,,,,,
homepage.testimonials.2.text,Texte du témoignage 2,"Excellent value for money. I bought a Bafang 48V battery and everything matches the description. The battery is powerful, durable, and provides excellent range. Delivery was on time and the product exceeded my expectations.","Vynikající poměr cena/výkon. Koupil jsem si baterii Bafang 48V a vše odpovídá popisu. Baterie je výkonná, odolná a poskytuje vynikající dojezd. Dodání bylo včas a produkt předčil má očekávání.","Excellent rapport qualité-prix. J'ai acheté une batterie Bafang 48V et elle correspond parfaitement à la description. La batterie est puissante, robuste et offre une excellente autonomie. La livraison a été effectuée dans les délais et le produit a dépassé mes attentes.",,,,,,,,,,,,,,,,,,,,,,,,,,,,,,,,,,,,,,,,,,,,,,,,,,,
homepage.testimonials.3.name,Nom du témoignage 3,Michael R.,Michael R.,Michael R.,,,,,,,,,,,,,,,,,,,,,,,,,,,,,,,,,,,,,,,,,,,,,,,,,,,
homepage.testimonials.3.text,Texte du témoignage 3,"Perfect! I ordered several Bafang components to build my e-bike. All the products are of very good quality, the prices are competitive, and the delivery went smoothly. The components are professional-grade and have significantly improved my cycling experience. I will be back!","Perfektní! Objednal jsem si několik komponentů Bafang na stavbu svého elektrokola. Všechny produkty jsou velmi kvalitní, ceny konkurenceschopné a dodání proběhlo hladce. Komponenty jsou profesionální kvality a výrazně zlepšily můj zážitek z cyklistiky. Určitě se vrátím!","Parfait ! J'ai commandé plusieurs composants Bafang pour construire mon vélo électrique. Tous les produits sont d'excellente qualité, les prix sont compétitifs et la livraison s'est déroulée sans problème. Les composants sont de qualité professionnelle et ont considérablement amélioré mon expérience de cyclisme. Je repasserai commande !",,,,,,,,,,,,,,,,,,,,,,,,,,,,,,,,,,,,,,,,,,,,,,,,,,,
homepage.testimonials.4.name,Nom du témoignage 4,Emma T.,Emma T.,Emma T.,,,,,,,,,,,,,,,,,,,,,,,,,,,,,,,,,,,,,,,,,,,,,,,,,,,
homepage.testimonials.4.text,Texte du témoignage 4,Responsive customer service and quality products. I had a quick question about Bafang motor compatibility and received a prompt reply. The components perfectly match the photos and descriptions. The build quality is outstanding and they perform exactly as expected. Very satisfied with my purchase!,Rychlý zákaznický servis a kvalitní produkty. Měl jsem rychlý dotaz ohledně kompatibility motorů Bafang a dostal jsem rychlou odpověď. Komponenty dokonale odpovídají fotografiím a popisu. Kvalita zpracování je vynikající a fungují přesně podle očekávání. S nákupem jsem velmi spokojen!,Service client réactif et produits de qualité. J'avais une question rapide concernant la compatibilité d'un moteur Bafang et j'ai reçu une réponse immédiate. Les composants correspondent parfaitement aux photos et aux descriptions. Leur qualité de fabrication est exceptionnelle et ils fonctionnent exactement comme prévu. Je suis très satisfaite de mon achat !,,,,,,,,,,,,,,,,,,,,,,,,,,,,,,,,,,,,,,,,,,,,,,,,,,,
,,,#VALUE!,,,,,,,,,,,,,,,,,,,,,,,,,,,,,,,,,,,,,,,,,,,,,,,,,,,,
,,,#VALUE!,,,,,,,,,,,,,,,,,,,,,,,,,,,,,,,,,,,,,,,,,,,,,,,,,,,,
,,,#VALUE!,,,,,,,,,,,,,,,,,,,,,,,,,,,,,,,,,,,,,,,,,,,,,,,,,,,,
,,,#VALUE!,,,,,,,,,,,,,,,,,,,,,,,,,,,,,,,,,,,,,,,,,,,,,,,,,,,,
,FAQ,,#VALUE!,,,,,,,,,,,,,,,,,,,,,,,,,,,,,,,,,,,,,,,,,,,,,,,,,,,,
homepage.faq.1.question,Question FAQ 1,What are the delivery times?,Jaké jsou dodací lhůty?,Quels sont les délais de livraison ?,,,,,,,,,,,,,,,,,,,,,,,,,,,,,,,,,,,,,,,,,,,,,,,,,,,
homepage.faq.1.answer,Réponse FAQ 1,"Delivery times vary depending on your location and the seller. Generally, standard delivery takes between 15 and 30 business days. Some sellers offer express delivery (7-15 days) for an additional fee. You can check the exact delivery times on each AliExpress product page before placing your order.",Dodací lhůty se liší v závislosti na vaší poloze a prodejci. Standardní doručení obvykle trvá 15 až 30 pracovních dnů. Někteří prodejci nabízejí expresní doručení (7–15 dní) za příplatek. Přesné dodací lhůty si můžete ověřit na stránce každého produktu na AliExpress před odesláním objednávky.,"Les délais de livraison varient selon votre lieu de résidence et le vendeur. En général, la livraison standard prend entre 15 et 30 jours ouvrables. Certains vendeurs proposent une livraison express (7 à 15 jours) moyennant un supplément. Vous pouvez consulter les délais de livraison exacts sur chaque page produit AliExpress avant de passer votre commande.",,,,,,,,,,,,,,,,,,,,,,,,,,,,,,,,,,,,,,,,,,,,,,,,,,,
homepage.faq.2.question,Question FAQ 2,What payment methods are accepted?,Jaké platební metody jsou akceptovány?,Quels sont les modes de paiement acceptés ?,,,,,,,,,,,,,,,,,,,,,,,,,,,,,,,,,,,,,,,,,,,,,,,,,,,
homepage.faq.2.answer,Réponse FAQ 2,"AliExpress accepts several secure payment methods: credit cards (Visa, Mastercard), PayPal, bank transfer, and other methods depending on your country. All payments are secure and protected by AliExpress's Buyer Protection system. You will only be charged once your order has shipped.","AliExpress akceptuje několik bezpečných platebních metod: kreditní karty (Visa, Mastercard), PayPal, bankovní převod a další metody v závislosti na vaší zemi. Všechny platby jsou zabezpečené a chráněné systémem ochrany kupujících AliExpress. Platba vám bude účtována až po odeslání vaší objednávky.","AliExpress accepte plusieurs modes de paiement sécurisés : cartes bancaires (Visa, Mastercard), PayPal, virement bancaire et autres méthodes selon votre pays. Tous les paiements sont sécurisés et protégés par le système de protection des acheteurs d’AliExpress. Vous ne serez débité qu’une fois votre commande expédiée.",,,,,,,,,,,,,,,,,,,,,,,,,,,,,,,,,,,,,,,,,,,,,,,,,,,
homepage.faq.3.question,Question FAQ 3,Is there a warranty on the products?,Je na produkty záruka?,Les produits sont-ils garantis ?,,,,,,,,,,,,,,,,,,,,,,,,,,,,,,,,,,,,,,,,,,,,,,,,,,,
homepage.faq.3.answer,Réponse FAQ 3,"Yes, all products sold on AliExpress are covered by the AliExpress Buyer Guarantee. This guarantee covers defective products, products that do not match the description, or products that were not received. You generally have 15 days after receipt to open a dispute if necessary. In addition, many sellers offer their own extended warranties (6 months, 1 year, etc.), which you can find on the product page.","Ano, na všechny produkty prodávané na AliExpress se vztahuje záruka kupujícího AliExpress. Tato záruka se vztahuje na vadné produkty, produkty, které neodpovídají popisu, nebo produkty, které nebyly doručeny. Obvykle máte 15 dní od obdržení na zahájení reklamace, pokud je to nutné. Mnoho prodejců navíc nabízí vlastní prodloužené záruky (6 měsíců, 1 rok atd.), které najdete na stránce produktu.","Oui, tous les produits vendus sur AliExpress sont couverts par la Garantie Acheteur AliExpress. Cette garantie couvre les produits défectueux, les produits non conformes à la description ou les produits non reçus. Vous disposez généralement de 15 jours après réception pour ouvrir un litige si nécessaire. De plus, de nombreux vendeurs proposent leurs propres extensions de garantie (6 mois, 1 an, etc.), que vous trouverez sur la page du produit.",,,,,,,,,,,,,,,,,,,,,,,,,,,,,,,,,,,,,,,,,,,,,,,,,,,
homepage.faq.4.question,Question FAQ 4,What should I do if there's a problem with my order?,"Co mám dělat, když se s mou objednávkou vyskytne problém?",Que dois-je faire en cas de problème avec ma commande ?,,,,,,,,,,,,,,,,,,,,,,,,,,,,,,,,,,,,,,,,,,,,,,,,,,,
homepage.faq.4.answer,Réponse FAQ 4,"If you encounter a problem (defective product, not received, non-compliant), you can open a dispute directly from your AliExpress account in the ""My Orders"" section. AliExpress customer service will assist you in resolving the issue. Most disputes are resolved quickly, often in your favor if you provide the necessary evidence (photos, description of the problem).","Pokud narazíte na problém (vadný produkt, neobdržení, neshoda), můžete zahájit spor přímo ze svého účtu AliExpress v sekci „Moje objednávky“. Zákaznický servis AliExpress vám pomůže s řešením problému. Většina sporů je vyřešena rychle, často ve váš prospěch, pokud poskytnete potřebné důkazy (fotografie, popis problému).","En cas de problème (produit défectueux, non reçu, non conforme), vous pouvez ouvrir un litige directement depuis votre compte AliExpress, dans la section « Mes commandes ». Le service client d'AliExpress vous aidera à résoudre le problème. La plupart des litiges sont résolus rapidement, souvent en votre faveur si vous fournissez les preuves nécessaires (photos, description du problème).",,,,,,,,,,,,,,,,,,,,,,,,,,,,,,,,,,,,,,,,,,,,,,,,,,,
homepage.faq.5.question,Question FAQ 5,Are the products authentic and of good quality?,Jsou produkty autentické a kvalitní?,Les produits sont-ils authentiques et de bonne qualité ?,,,,,,,,,,,,,,,,,,,,,,,,,,,,,,,,,,,,,,,,,,,,,,,,,,,
homepage.faq.5.answer,Réponse FAQ 5,"We select only quality products from verified and positively rated sellers on AliExpress. Each product displays customer reviews and ratings, allowing you to check the quality before purchasing. We recommend reading reviews and checking photos shared by customers to ensure the product meets your expectations.","Vybíráme pouze kvalitní produkty od ověřených a kladně hodnocených prodejců na AliExpress. U každého produktu jsou zobrazeny recenze a hodnocení zákazníků, což vám umožňuje ověřit si kvalitu před nákupem. Doporučujeme přečíst si recenze a prohlédnout si fotografie sdílené zákazníky, abyste se ujistili, že produkt splňuje vaše očekávání.","Nous sélectionnons uniquement des produits de qualité provenant de vendeurs vérifiés et bien notés sur AliExpress. Chaque produit affiche les avis et les notes des clients, vous permettant ainsi de vérifier sa qualité avant l'achat. Nous vous recommandons de lire les avis et de consulter les photos partagées par les clients afin de vous assurer que le produit correspond à vos attentes.",,,,,,,,,,,,,,,,,,,,,,,,,,,,,,,,,,,,,,,,,,,,,,,,,,,
homepage.bestsellers.title,Titre de la section Best Sellers,Best Sellers,Nejprodávanější,Meilleures ventes,,,,,,,,,,,,,,,,,,,,,,,,,,,,,,,,,,,,,,,,,,,,,,,,,,,
button.view_products,"Texte bouton ""Voir les Produits""",View Products,Zobrazit produkty,Voir les produits,,,,,,,,,,,,,,,,,,,,,,,,,,,,,,,,,,,,,,,,,,,,,,,,,,,
button.view_on_aliexpress,"Texte bouton ""Voir sur AliExpress""",View on AliExpress,Zobrazit na AliExpressu,Voir sur AliExpress,,,,,,,,,,,,,,,,,,,,,,,,,,,,,,,,,,,,,,,,,,,,,,,,,,,
button.discover_reviews,"Texte bouton ""Découvrez les X avis""",Discover the,Objevte,Découvrez le,,,,,,,,,,,,,,,,,,,,,,,,,,,,,,,,,,,,,,,,,,,,,,,,,,,
button.positive_reviews,"Texte ""avis positifs sur AliExpress""",Positive reviews on AliExpress,Pozitivní recenze na AliExpressu,Avis positifs sur AliExpress,,,,,,,,,,,,,,,,,,,,,,,,,,,,,,,,,,,,,,,,,,,,,,,,,,,