key,description,en,fi_auto,fr_auto,,,,,,,,,,,,,,,,,,,,,,,,,,,,,,,,,,,,,,,,,,,,,,,,,,,
,,,#VALUE!,,,,,,,,,,,,,,,,,,,,,,,,,,,,,,,,,,,,,,,,,,,,,,,,,,,,
,menu,,#VALUE!,,,,,,,,,,,,,,,,,,,,,,,,,,,,,,,,,,,,,,,,,,,,,,,,,,,,
home.en,,Home,Etusivu,Accueil,,,,,,,,,,,,,,,,,,,,,,,,,,,,,,,,,,,,,,,,,,,,,,,,,,,
menu.1,,Fitness,Kuntoilu,Perceuse,,,,,,,,,,,,,,,,,,,,,,,,,,,,,,,,,,,,,,,,,,,,,,,,,,,
menu.2,,Water sports,Vesiurheilu,Meuleuse d'angle,,,,,,,,,,,,,,,,,,,,,,,,,,,,,,,,,,,,,,,,,,,,,,,,,,,
menu.3,,Cycling,Pyöräily,Batterie au lithium,,,,,,,,,,,,,,,,,,,,,,,,,,,,,,,,,,,,,,,,,,,,,,,,,,,
menu.4,,Golf,Golf,Autre,,,,,,,,,,,,,,,,,,,,,,,,,,,,,,,,,,,,,,,,,,,,,,,,,,,
menu.5,,Entertainment,Viihde,Accessoires,,,,,,,,,,,,,,,,,,,,,,,,,,,,,,,,,,,,,,,,,,,,,,,,,,,
menu.6,,Camping-Hiking,Leirintä-vaellus,,,,,,,,,,,,,,,,,,,,,,,,,,,,,,,,,,,,,,,,,,,,,,,,,,,,
,,,#VALUE!,,,,,,,,,,,,,,,,,,,,,,,,,,,,,,,,,,,,,,,,,,,,,,,,,,,,
descripton.1,,"At Sport4All, you’ll find essential equipment and accessories designed to support your training goals at every level. From home workouts to strength and cardio sessions, our selection focuses on practical, reliable, and affordable gear. Sourced directly from manufacturers, our products combine functionality and value, helping you stay active, improve performance, and train effectively without paying premium prices.","Sport4Allista löydät välttämättömät laitteet ja varusteet, jotka on suunniteltu tukemaan harjoitustavoitteitasi kaikilla tasoilla. Kotitreeneistä voima- ja kardioharjoituksiin, valikoimamme keskittyy käytännöllisiin, luotettaviin ja edullisiin varusteisiin. Suoraan valmistajilta hankitut tuotteemme yhdistävät toimivuuden ja arvon, auttaen sinua pysymään aktiivisena, parantamaan suorituskykyä ja harjoittelemaan tehokkaasti maksamatta ylihintaa.","Les perceuses Makita offrent une puissance, une précision et une durabilité exceptionnelles, aussi bien pour les professionnels que pour les bricoleurs. Dotées de moteurs sans balais de pointe, de poignées ergonomiques et de batteries longue durée, elles garantissent un perçage efficace du bois, du métal et de la maçonnerie. Que ce soit pour la construction, la rénovation ou les travaux du quotidien, les perceuses Makita offrent fiabilité et confort d'utilisation, ce qui en fait des outils indispensables à toute boîte à outils.",,,,,,,,,,,,,,,,,,,,,,,,,,,,,,,,,,,,,,,,,,,,,,,,,,,
descripton.2,,"Enjoy the water with reliable equipment designed for leisure, training, and adventure. Our selection includes practical and affordable gear for activities on the sea, lakes, and rivers. Sourced directly from manufacturers, these products focus on durability, comfort, and performance. Whether for fun or sport, you’ll find accessible solutions that help you make the most of every moment on the water—without paying premium prices.","Nauti vedestä luotettavilla varusteilla, jotka on suunniteltu vapaa-aikaan, harjoitteluun ja seikkailuun. Valikoimastamme löytyy käytännöllisiä ja edullisia varusteita merellä, järvillä ja joilla liikkumiseen. Nämä suoraan valmistajilta hankitut tuotteet keskittyvät kestävyyteen, mukavuuteen ja suorituskykyyn. Olipa kyseessä sitten huvi tai urheilu, löydät helposti saatavilla olevia ratkaisuja, jotka auttavat sinua ottamaan kaiken irti jokaisesta hetkestä vesillä – maksamatta premium-hintoja.","Les meuleuses d'angle Makita sont conçues pour les travaux de découpe, de meulage et de polissage les plus exigeants. Dotées de moteurs haute performance, de systèmes de refroidissement optimisés et de dispositifs de sécurité tels que le démarrage progressif et la protection contre les surcharges, elles offrent un fonctionnement fluide et précis. Idéales pour la métallurgie, la construction et la fabrication, les meuleuses Makita garantissent une grande durabilité et la précision nécessaire pour travailler sans effort les matériaux les plus résistants.",,,,,,,,,,,,,,,,,,,,,,,,,,,,,,,,,,,,,,,,,,,,,,,,,,,
descripton.3,,"Discover reliable gear designed to support every ride, from daily commutes to long-distance adventures. Our selection includes practical and affordable equipment and accessories focused on comfort, safety, and performance. Sourced directly from manufacturers, these products offer excellent value and durability. Whether you ride for leisure, training, or exploration, you’ll find everything you need to enjoy cycling with confidence—without paying premium prices.","Löydä luotettavia varusteita, jotka on suunniteltu tukemaan jokaista pyöräilykertaa, päivittäisistä työmatkoista pitkien matkojen seikkailuihin. Valikoimamme sisältää käytännöllisiä ja edullisia varusteita ja lisävarusteita, jotka keskittyvät mukavuuteen, turvallisuuteen ja suorituskykyyn. Suoraan valmistajilta hankitut tuotteet tarjoavat erinomaista vastinetta rahalle ja kestävyyttä. Ajatpa sitten vapaa-ajalla, harjoittelussa tai tutkimusmatkalla, löydät kaiken tarvitsemasi nauttiaksesi pyöräilystä luottavaisin mielin – maksamatta premium-hintoja.","Les batteries lithium Makita offrent une puissance exceptionnelle, une autonomie prolongée et une charge rapide pour garantir des performances optimales de tous vos outils. Dotées d'une technologie de protection avancée, elles préviennent la surchauffe et prolongent leur durée de vie. Légères et compatibles avec une large gamme d'outils sans fil Makita, ces batteries fournissent une énergie constante et une grande fiabilité, assurant une productivité continue sur tous vos chantiers.",,,,,,,,,,,,,,,,,,,,,,,,,,,,,,,,,,,,,,,,,,,,,,,,,,,
descripton.4,,"Enjoy every round with reliable equipment and accessories designed for precision, comfort, and performance on the course. Our selection focuses on practical and affordable gear suitable for practice and play. Sourced directly from manufacturers, these products deliver excellent value while supporting consistency and control. Whether you are improving your swing or enjoying a casual game, you’ll find the essentials to play with confidence—without paying premium prices.","Nauti jokaisesta kierroksesta luotettavilla varusteilla ja lisävarusteilla, jotka on suunniteltu tarkkuutta, mukavuutta ja suorituskykyä varten kentällä. Valikoimamme keskittyy käytännöllisiin ja edullisiin varusteisiin, jotka sopivat harjoitteluun ja pelaamiseen. Nämä suoraan valmistajilta hankitut tuotteet tarjoavat erinomaista vastinetta rahalle ja tukevat samalla tasaisuutta ja hallintaa. Parannatpa sitten lyöntiäsi tai nautitpa rennosti pelaamisesta, löydät kaikki tarvittavat varusteet pelaamiseen luottavaisin mielin – maksamatta premium-hintoja.","La gamme d'outils et d'accessoires Makita comprend des scies, des ponceuses, des souffleurs, des chargeurs et bien plus encore, tous conçus avec le même souci d'innovation et de durabilité. Ces produits optimisent la productivité et offrent des solutions polyvalentes pour les travaux de construction, de menuiserie et d'entretien. Grâce à leurs performances fiables et à leur conception ergonomique, les accessoires Makita complètent parfaitement tout atelier, professionnel ou amateur.",,,,,,,,,,,,,,,,,,,,,,,,,,,,,,,,,,,,,,,,,,,,,,,,,,,
descripton.5,,"Discover a range of fun and engaging products designed to enhance leisure time for all ages. Our selection includes practical and affordable items for indoor and outdoor enjoyment, perfect for relaxing moments, games, and social activities. Sourced directly from manufacturers, these products focus on simplicity, durability, and value, helping you enjoy everyday entertainment without paying premium prices.","Tutustu hauskoihin ja mukaansatempaaviin tuotteisiin, jotka on suunniteltu parantamaan kaikenikäisten vapaa-ajanviettoa. Valikoimaamme kuuluu käytännöllisiä ja edullisia tuotteita sekä sisä- että ulkokäyttöön, täydellisiä rentouttaviin hetkiin, peleihin ja sosiaalisiin aktiviteetteihin. Suoraan valmistajilta hankitut tuotteet keskittyvät yksinkertaisuuteen, kestävyyteen ja arvoon, auttaen sinua nauttimaan jokapäiväisestä viihteestä maksamatta ylihintaa.",,,,,,,,,,,,,,,,,,,,,,,,,,,,,,,,,,,,,,,,,,,,,,,,,,,,
descripton.6,,"Prepare for the outdoors with reliable gear designed for comfort, safety, and practicality on every adventure. Our selection includes affordable equipment and accessories suited for camping trips and hiking excursions. Sourced directly from manufacturers, these products focus on durability, lightweight design, and ease of use. Whether exploring trails or spending nights in nature, you’ll find essential gear to enjoy the outdoors with confidence—without paying premium prices.

","Valmistaudu ulkoiluun luotettavilla varusteilla, jotka on suunniteltu mukavuutta, turvallisuutta ja käytännöllisyyttä silmällä pitäen jokaisella seikkailulla. Valikoimaamme kuuluu edullisia varusteita ja lisävarusteita, jotka sopivat retkeilyyn ja patikointiin. Suoraan valmistajilta hankitut tuotteet keskittyvät kestävyyteen, kevyeen muotoiluun ja helppokäyttöisyyteen. Olitpa sitten tutkimassa polkuja tai viettämässä öitä luonnossa, löydät välttämättömät varusteet nauttiaksesi ulkoilusta luottavaisin mielin – maksamatta premium-hintoja.

",,,,,,,,,,,,,,,,,,,,,,,,,,,,,,,,,,,,,,,,,,,,,,,,,,,,
,,,#VALUE!,,,,,,,,,,,,,,,,,,,,,,,,,,,,,,,,,,,,,,,,,,,,,,,,,,,,
meta.title.menu.1,,"Fitness Equipment & Training Gear at Factory Prices | Sport4All
","Kuntoiluvälineet ja treenivälineet tehdashintaan | Sport4All
",Perceuses Makita – Outils sans fil puissants et fiables,,,,,,,,,,,,,,,,,,,,,,,,,,,,,,,,,,,,,,,,,,,,,,,,,,,
meta.title.menu.2,,"Water Sports Gear & Accessories at Factory Prices | Sport4All
","Vesiurheiluvälineet ja -tarvikkeet tehdashintaan | Sport4All
",Meuleuses d'angle Makita – Performances de coupe et de meulage,,,,,,,,,,,,,,,,,,,,,,,,,,,,,,,,,,,,,,,,,,,,,,,,,,,
meta.title.menu.3,,"Cycling Gear & Accessories at Factory Prices | Sport4All
","Pyöräilyvarusteet ja -tarvikkeet tehdashintaan | Sport4All
",Batteries au lithium Makita – Une puissance longue durée,,,,,,,,,,,,,,,,,,,,,,,,,,,,,,,,,,,,,,,,,,,,,,,,,,,
meta.title.menu.4,,"Golf Equipment & Accessories at Factory Prices | Sport4All
","Golfvarusteet ja -tarvikkeet tehdashintaan | Sport4All
",Outils et accessoires Makita – Complétez votre kit,,,,,,,,,,,,,,,,,,,,,,,,,,,,,,,,,,,,,,,,,,,,,,,,,,,
meta.title.menu.5,,"Entertainment & Leisure Products at Factory Prices | Sport4All
","Viihde- ja vapaa-ajan tuotteita tehtaan hinnoilla | Sport4All
",,,,,,,,,,,,,,,,,,,,,,,,,,,,,,,,,,,,,,,,,,,,,,,,,,,,
meta.title.menu.6,,"Camping & Hiking Gear at Factory Prices | Sport4All
","Leirintä- ja vaellusvarusteet tehtaan hintaan | Sport4All
",,,,,,,,,,,,,,,,,,,,,,,,,,,,,,,,,,,,,,,,,,,,,,,,,,,,
,,,#VALUE!,,,,,,,,,,,,,,,,,,,,,,,,,,,,,,,,,,,,,,,,,,,,,,,,,,,,
meta.des.menu.1,,Affordable fitness equipment and training accessories sourced directly from manufacturers. Train at home or at the gym with reliable gear at factory prices.,Edullisia kuntolaitteita ja harjoitustarvikkeita suoraan valmistajilta. Treenaa kotona tai kuntosalilla luotettavilla varusteilla alkuperäishintaan.,"Découvrez les perceuses Makita, conçues pour la précision, la puissance et la durabilité. Idéales pour les professionnels et les bricoleurs, elles sont équipées de moteurs sans balais et de batteries longue durée.",,,,,,,,,,,,,,,,,,,,,,,,,,,,,,,,,,,,,,,,,,,,,,,,,,,
meta.des.menu.2,,"Discover affordable water sports equipment for sea, lake, and river activities. Durable and reliable gear sourced directly from manufacturers.","Löydä edullisia vesiurheiluvälineitä meri-, järvi- ja jokiaktiviteetteihin. Kestävät ja luotettavat varusteet suoraan valmistajilta.","Découvrez les meuleuses d'angle Makita, conçues pour les travaux de découpe et de meulage les plus exigeants. Haute performance, sécurité renforcée et grande durabilité.",,,,,,,,,,,,,,,,,,,,,,,,,,,,,,,,,,,,,,,,,,,,,,,,,,,
meta.des.menu.3,,"Shop affordable cycling equipment and accessories designed for comfort, safety, and performance. Factory-direct prices for every ride.","Osta edullisia pyöräilyvarusteita ja -tarvikkeita, jotka on suunniteltu mukavuutta, turvallisuutta ja suorituskykyä ajatellen. Tehtaan suorat hinnat jokaiselle pyöräretkelle.","Découvrez les batteries lithium Makita offrant une autonomie prolongée, une charge rapide et une grande fiabilité. Compatibles avec une large gamme d'outils Makita.",,,,,,,,,,,,,,,,,,,,,,,,,,,,,,,,,,,,,,,,,,,,,,,,,,,
meta.des.menu.4,,Explore affordable golf gear and accessories for practice and play. Reliable equipment sourced directly from manufacturers at factory prices.,Tutustu edullisiin golfvarusteisiin ja -tarvikkeisiin harjoitteluun ja pelaamiseen. Luotettavat varusteet suoraan valmistajilta tehdashintaan.,"Découvrez les accessoires Makita, notamment les scies, les ponceuses, les chargeurs et bien plus encore. Des outils robustes et performants pour vous accompagner dans toutes vos tâches professionnelles.",,,,,,,,,,,,,,,,,,,,,,,,,,,,,,,,,,,,,,,,,,,,,,,,,,,
meta.des.menu.5,,"Find fun and affordable entertainment products for indoor and outdoor leisure. Practical, durable items sourced directly from manufacturers.",Löydä hauskoja ja edullisia viihdetuotteita sisä- ja ulkokäyttöön. Käytännöllisiä ja kestäviä tuotteita suoraan valmistajilta.,,,,,,,,,,,,,,,,,,,,,,,,,,,,,,,,,,,,,,,,,,,,,,,,,,,,
meta.des.menu.6,,Discover affordable camping and hiking equipment built for comfort and durability. Outdoor gear sourced directly from manufacturers at factory prices.,"Löydä edullisia retkeily- ja vaellusvarusteita, jotka on rakennettu mukavuutta ja kestävyyttä ajatellen. Ulkoiluvarusteet suoraan valmistajilta tehdashintaan.",,,,,,,,,,,,,,,,,,,,,,,,,,,,,,,,,,,,,,,,,,,,,,,,,,,,
,,,#VALUE!,,,,,,,,,,,,,,,,,,,,,,,,,,,,,,,,,,,,,,,,,,,,,,,,,,,,
,,,#VALUE!,,,,,,,,,,,,,,,,,,,,,,,,,,,,,,,,,,,,,,,,,,,,,,,,,,,,
,,,#VALUE!,,,,,,,,,,,,,,,,,,,,,,,,,,,,,,,,,,,,,,,,,,,,,,,,,,,,
,Footer,,#VALUE!,,,,,,,,,,,,,,,,,,,,,,,,,,,,,,,,,,,,,,,,,,,,,,,,,,,,
,,,#VALUE!,,,,,,,,,,,,,,,,,,,,,,,,,,,,,,,,,,,,,,,,,,,,,,,,,,,,
footer.link.home,Lien footer Accueil,Home,Etusivu,Maison,,,,,,,,,,,,,,,,,,,,,,,,,,,,,,,,,,,,,,,,,,,,,,,,,,,
footer.link.sitemap,Lien footer Plan du site,Site map,Sivukartta,Plan du site,,,,,,,,,,,,,,,,,,,,,,,,,,,,,,,,,,,,,,,,,,,,,,,,,,,
footer.link.conditions,Lien footer Conditions,Terms of Use,Käyttöehdot,Conditions d'utilisation,,,,,,,,,,,,,,,,,,,,,,,,,,,,,,,,,,,,,,,,,,,,,,,,,,,
footer.link.mentions,Lien footer Mentions légales,Legal notice,Oikeudellinen huomautus,Avis juridique,,,,,,,,,,,,,,,,,,,,,,,,,,,,,,,,,,,,,,,,,,,,,,,,,,,
footer.link.policy,Lien footer Politique,Privacy Policy,Tietosuojakäytäntö,politique de confidentialité,,,,,,,,,,,,,,,,,,,,,,,,,,,,,,,,,,,,,,,,,,,,,,,,,,,
footer.link.aboutus,Lien footer about us,About us,Tietoa meistä,À propos de nous,,,,,,,,,,,,,,,,,,,,,,,,,,,,,,,,,,,,,,,,,,,,,,,,,,,
,,,#VALUE!,,,,,,,,,,,,,,,,,,,,,,,,,,,,,,,,,,,,,,,,,,,,,,,,,,,,
,,,#VALUE!,,,,,,,,,,,,,,,,,,,,,,,,,,,,,,,,,,,,,,,,,,,,,,,,,,,,
legal.conditions.title,Titre page Conditions d'utilisation,Terms of Use - AliExpress Affiliate Makita Program,Käyttöehdot - AliExpressin Makitan kumppanuusohjelma,Conditions d'utilisation - Programme d'affiliation AliExpress Makita,,,,,,,,,,,,,,,,,,,,,,,,,,,,,,,,,,,,,,,,,,,,,,,,,,,
legal.mentions.title,Titre page Mentions légales,Legal Notice - AliExpress Affiliate Program,Oikeudellinen huomautus - AliExpressin kumppanuusohjelma,Mentions légales - Programme d'affiliation AliExpress,,,,,,,,,,,,,,,,,,,,,,,,,,,,,,,,,,,,,,,,,,,,,,,,,,,
legal.policy.title,Titre page Politique de confidentialité,Privacy Policy - AliExpress Affiliate Program,Tietosuojakäytäntö - AliExpressin kumppanuusohjelma,Politique de confidentialité - Programme d'affiliation AliExpress,,,,,,,,,,,,,,,,,,,,,,,,,,,,,,,,,,,,,,,,,,,,,,,,,,,
legal.aboutus.title,Titre page about us,About us – SPORT4ALL,Tietoa meistä – SPORT4ALL,À propos de nous – MAKITA,,,,,,,,,,,,,,,,,,,,,,,,,,,,,,,,,,,,,,,,,,,,,,,,,,,
,,,#VALUE!,,,,,,,,,,,,,,,,,,,,,,,,,,,,,,,,,,,,,,,,,,,,,,,,,,,,
legal.conditions.meta.description,Description SEO Conditions,AliExpress Affiliate Site Terms of Use,AliExpressin kumppanuussivuston käyttöehdot,Conditions d'utilisation du site affilié AliExpress,,,,,,,,,,,,,,,,,,,,,,,,,,,,,,,,,,,,,,,,,,,,,,,,,,,
legal.mentions.meta.description,Description SEO Mentions légales,Legal notices for the AliExpress affiliate website,AliExpressin kumppanisivuston lakiasiainilmoitukset,Mentions légales du site affilié AliExpress,,,,,,,,,,,,,,,,,,,,,,,,,,,,,,,,,,,,,,,,,,,,,,,,,,,
legal.policy.meta.description,Description SEO Politique,AliExpress Affiliate Site Privacy Policy,AliExpressin kumppanuussivuston tietosuojakäytäntö,Politique de confidentialité du site affilié AliExpress,,,,,,,,,,,,,,,,,,,,,,,,,,,,,,,,,,,,,,,,,,,,,,,,,,,
legal.aboutus.meta.description,Description SEO About us,"Learn more about Sport4All, a platform promoting sports, fitness, outdoor, and leisure equipment sourced directly from manufacturers through trusted partners, offering factory-level prices for everyone.","Lue lisää Sport4Allista, alustasta, joka mainostaa urheilu-, kunto-, ulkoilu- ja vapaa-ajan välineitä, jotka hankitaan suoraan valmistajilta luotettavien kumppaneiden kautta, ja tarjoaa tehdastason hintoja kaikille.",Découvrez Makita : leader mondial des outils électroportatifs professionnels depuis 1915. Découvrez notre technologie sans fil LXT® et nos outils durables conçus pour les professionnels.,,,,,,,,,,,,,,,,,,,,,,,,,,,,,,,,,,,,,,,,,,,,,,,,,,,
,,,#VALUE!,,,,,,,,,,,,,,,,,,,,,,,,,,,,,,,,,,,,,,,,,,,,,,,,,,,,
,,,#VALUE!,,,,,,,,,,,,,,,,,,,,,,,,,,,,,,,,,,,,,,,,,,,,,,,,,,,,
,,,#VALUE!,,,,,,,,,,,,,,,,,,,,,,,,,,,,,,,,,,,,,,,,,,,,,,,,,,,,
,,,#VALUE!,,,,,,,,,,,,,,,,,,,,,,,,,,,,,,,,,,,,,,,,,,,,,,,,,,,,
legal.aboutus.content,,"<h1>About Sport4All</h1>

<p>
Sport4All was created with a simple goal: <strong>make sports, fitness, and outdoor equipment accessible to everyone at fair prices</strong>.
</p>

<p>
We work with multiple brands and manufacturers sourced directly from Chinese factories, mainly through trusted platforms such as <strong>AliExpress</strong>. By sourcing close to production, we are able to offer <strong>factory-level prices</strong> while maintaining a wide selection of products for sports, fitness, and outdoor activities.
</p>

<h2>What We Offer</h2>

<p>
Our catalog covers a broad range of disciplines, including:
</p>

<p>
• Sports training and fitness equipment<br>
• Outdoor and adventure gear<br>
• Fishing equipment and accessories<br>
• Water sports gear for leisure and performance<br>
• Snow sports equipment for winter activities
</p>

<h2>Our Approach</h2>

<p>
Instead of focusing on expensive marketing or intermediaries, Sport4All prioritizes <strong>value, variety, and affordability</strong>. This approach allows us to provide competitive pricing without compromising on functionality or usability.
</p>

<p>
We carefully select products based on demand, practicality, and customer feedback, and we continuously update our offerings to match current trends and needs.
</p>

<h2>Our Philosophy</h2>

<p>
Sport4All is for beginners, enthusiasts, and active people who want <strong>reliable gear at the right price</strong>, without paying for unnecessary markups.
</p>

<p>
<strong>Train more. Explore more. Pay less.</strong><br>
That’s the Sport4All philosophy.
</p>
","<h1>Tietoja Sport4Allista</h1>

<p>
Sport4All perustettiin yksinkertaisella tavoitteella: <strong>tehdä urheilu-, kunto- ja ulkoiluvälineet kaikkien saataville kohtuuhintaan</strong>.
</p>

<p>
Teemme yhteistyötä useiden tuotemerkkien ja valmistajien kanssa, jotka hankkivat tuotteita suoraan kiinalaisilta tehtailta, pääasiassa luotettavien alustojen, kuten <strong>AliExpressin</strong>, kautta. Hankinnat läheltä tuotantoa mahdollistavat <strong>tehdastason hinnat</strong> ja samalla laajan valikoiman tuotteita urheiluun, kuntoiluun ja ulkoiluun. </p>

<h2>Tarjoamamme</h2>

<p>
Valikoimamme kattaa laajan valikoiman tuotteita, mukaan lukien:
</p>

<p>
• Urheiluharjoittelu- ja kuntoiluvälineet<br>
• Ulkoilu- ja seikkailuvälineet<br>
• Kalastusvälineet ja -tarvikkeet<br>
• Vesiurheiluvälineet vapaa-aikaan ja suorituskykyyn<br>
• Talviurheiluvälineet talviaktiviteetteihin
</p>

<h2>Lähestymistapamme</h2>

<p>
Sen sijaan, että Sport4All keskittyisi kalliiseen markkinointiin tai välittäjiin, se priorisoi <strong>arvoa, monipuolisuutta ja kohtuuhintaisuutta</strong>. Tämä lähestymistapa mahdollistaa kilpailukykyisen hinnoittelun tinkimättä toiminnallisuudesta tai käytettävyydestä.

</p>

<p>
Valitsemme tuotteet huolellisesti kysynnän, käytännöllisyyden ja asiakaspalautteen perusteella ja päivitämme jatkuvasti tarjontaamme vastaamaan nykyisiä trendejä ja tarpeita. </p>

<h2>Filosofiamme</h2>

<p>
Sport4All on tarkoitettu aloittelijoille, harrastajille ja aktiivisille ihmisille, jotka haluavat <strong>luotettavia varusteita oikeaan hintaan</strong> maksamatta turhia lisähintoja.
</p>

<p>
<strong>Harjoittele enemmän. Tutki enemmän. Maksa vähemmän.</strong><br>
Se on Sport4Allin filosofia.
</p>
",,,,,,,,,,,,,,,,,,,,,,,,,,,,,,,,,,,,,,,,,,,,,,,,,,,,
,,,#VALUE!,,,,,,,,,,,,,,,,,,,,,,,,,,,,,,,,,,,,,,,,,,,,,,,,,,,,
,,,#VALUE!,,,,,,,,,,,,,,,,,,,,,,,,,,,,,,,,,,,,,,,,,,,,,,,,,,,,
,,,#VALUE!,,,,,,,,,,,,,,,,,,,,,,,,,,,,,,,,,,,,,,,,,,,,,,,,,,,,
footer.copyright,Texte copyright footer,© 2024 AliExpress Affiliate. All rights reserved.,© 2024 AliExpress Affiliate. Kaikki oikeudet pidätetään.,© 2024 Partenaire AliExpress. Tous droits réservés.,,,,,,,,,,,,,,,,,,,,,,,,,,,,,,,,,,,,,,,,,,,,,,,,,,,
footer.contact,Texte contact footer,Contact us:,Ota yhteyttä:,Contactez-nous:,,,,,,,,,,,,,,,,,,,,,,,,,,,,,,,,,,,,,,,,,,,,,,,,,,,
site.domain,Domaine du site (URL de base),https://sport4all.win,https://sport4all.win,https://bafang-shop.com,,,,,,,,,,,,,,,,,,,,,,,,,,,,,,,,,,,,,,,,,,,,,,,,,,,
site.contact.email,Adresse email de contact,contact@evanstudio.net,yhteystiedot@evanstudio.net,contact@evanstudio.net,,,,,,,,,,,,,,,,,,,,,,,,,,,,,,,,,,,,,,,,,,,,,,,,,,,
,,,#VALUE!,,,,,,,,,,,,,,,,,,,,,,,,,,,,,,,,,,,,,,,,,,,,,,,,,,,,
,,,#VALUE!,,,,,,,,,,,,,,,,,,,,,,,,,,,,,,,,,,,,,,,,,,,,,,,,,,,,
,,</head>,</pää>,</head>,transportation.</p>,transportation.</p>,transportation.</p>,transportation.</p>,transportation.</p>,transportation.</p>,transportation.</p>,transportation.</p>,transportation.</p>,transportation.</p>,transportation.</p>,transportation.</p>,transportation.</p>,transportation.</p>,transportation.</p>,transportation.</p>,transportation.</p>,transportation.</p>,transportation.</p>,transportation.</p>,transportation.</p>,transportation.</p>,transportation.</p>,transportation.</p>,transportation.</p>,transportation.</p>,transportation.</p>,transportation.</p>,transportation.</p>,transportation.</p>,transportation.</p>,transportation.</p>,transportation.</p>,transportation.</p>,transportation.</p>,transportation.</p>,transportation.</p>,transportation.</p>,transportation.</p>,transportation.</p>,transportation.</p>,transportation.</p>,transportation.</p>,transportation.</p>,transportation.</p>,transportation.</p>,transportation.</p>,transportation.</p>,transportation.</p>,transportation.</p>,transportation.</p>
,,<body>,<runko>,<corps>,,,,,,,,,,,,,,,,,,,,,,,,,,,,,,,,,,,,,,,,,,,,,,,,,,,
,,,#VALUE!,,,,,,,,,,,,,,,,,,,,,,,,,,,,,,,,,,,,,,,,,,,,,,,,,,,,
,,,#VALUE!,,,,,,,,,,,,,,,,,,,,,,,,,,,,,,,,,,,,,,,,,,,,,,,,,,,,
,,,#VALUE!,,,,,,,,,,,,,,,,,,,,,,,,,,,,,,,,,,,,,,,,,,,,,,,,,,,,
,Index,,#VALUE!,,,,,,,,,,,,,,,,,,,,,,,,,,,,,,,,,,,,,,,,,,,,,,,,,,,,
,,,#VALUE!,,,,,,,,,,,,,,,,,,,,,,,,,,,,,,,,,,,,,,,,,,,,,,,,,,,,
site.meta.title,Titre SEO du site (page d'accueil),"Sport4All | Sports, Outdoor & Fitness Equipment at Factory Prices","Sport4All | Urheilu-, ulkoilu- ja kuntoiluvälineet tehdashintaan",Programme d'affiliation AliExpress - Meilleurs produits,,,,,,,,,,,,,,,,,,,,,,,,,,,,,,,,,,,,,,,,,,,,,,,,,,,
site.meta.description,Description SEO du site (page d'accueil),"Sport4All offers high-quality sports, outdoor, and fitness equipment at direct factory prices. Gear up for training, adventure, and active living for less.","Sport4All tarjoaa korkealaatuisia urheilu-, ulkoilu- ja kuntoiluvälineitä suoraan tehtaan hintaan. Varustaudu harjoitteluun, seikkailuun ja aktiiviseen elämään edullisemmin.",Découvrez les meilleurs produits MAKITA sur AliExpress grâce à nos liens d'affiliation. Offres exclusives et prix compétitifs.,,,,,,,,,,,,,,,,,,,,,,,,,,,,,,,,,,,,,,,,,,,,,,,,,,,
homepage.hero.title,Titre principal de la page d'accueil (hero),Discover the Best Products of SPORT4ALL,Löydä SPORT4ALLin parhaat tuotteet,Découvrez les meilleurs produits MAKITA,,,,,,,,,,,,,,,,,,,,,,,,,,,,,,,,,,,,,,,,,,,,,,,,,,,
homepage.hero.subtitle,Sous-titre de la page d'accueil (hero),Exclusive offers and competitive prices for all your needs,Ainutlaatuisia tarjouksia ja kilpailukykyisiä hintoja kaikkiin tarpeisiisi,Des offres exclusives et des prix compétitifs pour tous vos besoins,,,,,,,,,,,,,,,,,,,,,,,,,,,,,,,,,,,,,,,,,,,,,,,,,,,
homepage.hero.button,Texte du bouton hero,View Products,Näytä tuotteet,Voir les produits,,,,,,,,,,,,,,,,,,,,,,,,,,,,,,,,,,,,,,,,,,,,,,,,,,,
homepage.hero.button.url,URL du lien du bouton hero,https://www.aliexpress.com/store/1105107302?spm=a2g0o.detail.0.0.7c37YBN1YBN1zN,https://www.aliexpress.com/store/1105107302?spm=a2g0o.detail.0.0.7c37YBN1YBN1zN,https://www.aliexpress.com/store/1104758161/pages/all-items.html?spm=a2g0o.store_pc_home.pcShopHead_2012153514384.99&sortType=bestmatch_sort&shop_sortType=bestmatch_sort,,,,,,,,,,,,,,,,,,,,,,,,,,,,,,,,,,,,,,,,,,,,,,,,,,,
,,,#VALUE!,,,,,,,,,,,,,,,,,,,,,,,,,,,,,,,,,,,,,,,,,,,,,,,,,,,,
,,,#VALUE!,,,,,,,,,,,,,,,,,,,,,,,,,,,,,,,,,,,,,,,,,,,,,,,,,,,,
,,,#VALUE!,,,,,,,,,,,,,,,,,,,,,,,,,,,,,,,,,,,,,,,,,,,,,,,,,,,,
,,,#VALUE!,,,,,,,,,,,,,,,,,,,,,,,,,,,,,,,,,,,,,,,,,,,,,,,,,,,,
,,,#VALUE!,,,,,,,,,,,,,,,,,,,,,,,,,,,,,,,,,,,,,,,,,,,,,,,,,,,,
,,,#VALUE!,,,,,,,,,,,,,,,,,,,,,,,,,,,,,,,,,,,,,,,,,,,,,,,,,,,,
,,,#VALUE!,,,,,,,,,,,,,,,,,,,,,,,,,,,,,,,,,,,,,,,,,,,,,,,,,,,,
,,,#VALUE!,,,,,,,,,,,,,,,,,,,,,,,,,,,,,,,,,,,,,,,,,,,,,,,,,,,,
,,,#VALUE!,,,,,,,,,,,,,,,,,,,,,,,,,,,,,,,,,,,,,,,,,,,,,,,,,,,,
,,,#VALUE!,,,,,,,,,,,,,,,,,,,,,,,,,,,,,,,,,,,,,,,,,,,,,,,,,,,,
,,,#VALUE!,,,,,,,,,,,,,,,,,,,,,,,,,,,,,,,,,,,,,,,,,,,,,,,,,,,,
,,,#VALUE!,,,,,,,,,,,,,,,,,,,,,,,,,,,,,,,,,,,,,,,,,,,,,,,,,,,,
,,,#VALUE!,,,,,,,,,,,,,,,,,,,,,,,,,,,,,,,,,,,,,,,,,,,,,,,,,,,,
,,,#VALUE!,,,,,,,,,,,,,,,,,,,,,,,,,,,,,,,,,,,,,,,,,,,,,,,,,,,,
,,,#VALUE!,,,,,,,,,,,,,,,,,,,,,,,,,,,,,,,,,,,,,,,,,,,,,,,,,,,,
,,,#VALUE!,,,,,,,,,,,,,,,,,,,,,,,,,,,,,,,,,,,,,,,,,,,,,,,,,,,,
,,,#VALUE!,,,,,,,,,,,,,,,,,,,,,,,,,,,,,,,,,,,,,,,,,,,,,,,,,,,,
,,,#VALUE!,,,,,,,,,,,,,,,,,,,,,,,,,,,,,,,,,,,,,,,,,,,,,,,,,,,,
,,,#VALUE!,,,,,,,,,,,,,,,,,,,,,,,,,,,,,,,,,,,,,,,,,,,,,,,,,,,,
,,,#VALUE!,,,,,,,,,,,,,,,,,,,,,,,,,,,,,,,,,,,,,,,,,,,,,,,,,,,,
,presentation,,#VALUE!,,,,,,,,,,,,,,,,,,,,,,,,,,,,,,,,,,,,,,,,,,,,,,,,,,,,
,,,#VALUE!,,,,,,,,,,,,,,,,,,,,,,,,,,,,,,,,,,,,,,,,,,,,,,,,,,,,
homepage.presentation.title,Titre de la section présentation marque,About SPORT4ALL,Tietoja SPORT4ALLista,À propos de MAKITA,,,,,,,,,,,,,,,,,,,,,,,,,,,,,,,,,,,,,,,,,,,,,,,,,,,
homepage.presentation.content,Contenu de la section présentation marque,"SPORT4ALL is your destination for affordable sports, fitness, and outdoor equipment at factory prices. We promote a wide range of brands sourced directly from Chinese manufacturers through trusted platforms such as AliExpress. By working close to production, we reduce intermediaries and pass the savings on to our customers. Our selection includes gear for fitness training, outdoor adventures, fishing, water sports, and snow sports. Whether you are a beginner or an active enthusiast, Sport4All helps you stay equipped, active, and ready for every challenge—without overpaying.","SPORT4ALL on paikasi edullisille urheilu-, kunto- ja ulkoiluvälineille tehdashintaan. Edistämme laajaa valikoimaa suoraan kiinalaisilta valmistajilta hankittuja tuotemerkkejä luotettavien alustojen, kuten AliExpressin, kautta. Työskentelemällä lähellä tuotantoa vähennämme välikäsien määrää ja siirrämme säästöt asiakkaillemme. Valikoimaamme kuuluu välineitä kuntoharjoitteluun, ulkoiluun, kalastukseen, vesiurheiluun ja talviurheiluun. Oletpa sitten aloittelija tai aktiivinen harrastaja, Sport4All auttaa sinua pysymään varustautuneena, aktiivisena ja valmiina jokaiseen haasteeseen – maksamatta liikaa.","Makita est une marque japonaise leader dans le secteur mondial de l'outillage électroportatif, reconnue pour son innovation, sa robustesse et ses performances professionnelles exceptionnelles. Fondée au Japon il y a plus d'un siècle, Makita s'est forgée une solide réputation en créant des outils alliant technologie de pointe, confort ergonomique et fiabilité hors pair. Sa vaste gamme comprend des perceuses, des meuleuses d'angle, des scies, des batteries et des accessoires conçus pour les professionnels et les bricoleurs exigeants. Chaque outil Makita est conçu pour offrir puissance, précision et une efficacité durable, garantissant des résultats optimaux sur tous les chantiers. En mettant l'accent sur la sécurité, le confort d'utilisation et la productivité, Makita demeure un partenaire de confiance pour la construction, la rénovation, le travail du bois et les applications industrielles dans le monde entier.",,,,,,,,,,,,,,,,,,,,,,,,,,,,,,,,,,,,,,,,,,,,,,,,,,,
,,,#VALUE!,,,,,,,,,,,,,,,,,,,,,,,,,,,,,,,,,,,,,,,,,,,,,,,,,,,,
,,,#VALUE!,,,,,,,,,,,,,,,,,,,,,,,,,,,,,,,,,,,,,,,,,,,,,,,,,,,,
,,,#VALUE!,,,,,,,,,,,,,,,,,,,,,,,,,,,,,,,,,,,,,,,,,,,,,,,,,,,,
,,,#VALUE!,,,,,,,,,,,,,,,,,,,,,,,,,,,,,,,,,,,,,,,,,,,,,,,,,,,,
,,,#VALUE!,,,,,,,,,,,,,,,,,,,,,,,,,,,,,,,,,,,,,,,,,,,,,,,,,,,,
,,,#VALUE!,,,,,,,,,,,,,,,,,,,,,,,,,,,,,,,,,,,,,,,,,,,,,,,,,,,,
homepage.advantages.title,Titre de la section avantages,</section>,</osio>,Pourquoi nous choisir ?,,,,,,,,,,,,,,,,,,,,,,,,,,,,,,,,,,,,,,,,,,,,,,,,,,,
homepage.advantages.factory_price.title,Titre avantage: Prix Direct Usine,Factory Direct Price,Tehtaan suora hinta,Prix ​​direct usine,,,,,,,,,,,,,,,,,,,,,,,,,,,,,,,,,,,,,,,,,,,,,,,,,,,
homepage.advantages.factory_price.description,Description avantage: Prix Direct Usine,Benefit from factory-direct pricing without intermediaries.,Hyödynnä tehtaan suorat hinnat ilman välikäsiä.,"Bénéficiez de prix directs d'usine, sans intermédiaires.",,,,,,,,,,,,,,,,,,,,,,,,,,,,,,,,,,,,,,,,,,,,,,,,,,,
homepage.advantages.worldwide_shipping.title,Titre avantage: Livraison Mondiale,Worldwide Delivery,Toimitus maailmanlaajuisesti,Livraison internationale,,,,,,,,,,,,,,,,,,,,,,,,,,,,,,,,,,,,,,,,,,,,,,,,,,,
homepage.advantages.worldwide_shipping.description,Description avantage: Livraison Mondiale,Worldwide delivery for all your needs,Toimitus maailmanlaajuisesti kaikkiin tarpeisiisi,Livraison dans le monde entier pour tous vos besoins,,,,,,,,,,,,,,,,,,,,,,,,,,,,,,,,,,,,,,,,,,,,,,,,,,,
homepage.advantages.customer_service.title,Titre avantage: Service Après-Vente Réactif,Responsive After-Sales Service,Reagoiva jälkimarkkinointipalvelu,Service après-vente réactif,,,,,,,,,,,,,,,,,,,,,,,,,,,,,,,,,,,,,,,,,,,,,,,,,,,
homepage.advantages.customer_service.description,Description avantage: Service Après-Vente Réactif,A responsive and available after-sales service to assist you,Reagoiva ja helposti saatavilla oleva jälkimarkkinointipalvelu auttaa sinua,Un service après-vente réactif et disponible pour vous assister,,,,,,,,,,,,,,,,,,,,,,,,,,,,,,,,,,,,,,,,,,,,,,,,,,,
homepage.advantages.secure_payment.title,Titre avantage: Paiement Sécurisé,Secure Payment,Turvallinen maksu,Paiement sécurisé,,,,,,,,,,,,,,,,,,,,,,,,,,,,,,,,,,,,,,,,,,,,,,,,,,,
homepage.advantages.secure_payment.description,Description avantage: Paiement Sécurisé,Secure payment by credit card with maximum protection,Turvallinen luottokorttimaksu maksimaalisella suojauksella,Paiement sécurisé par carte bancaire avec protection maximale,,,,,,,,,,,,,,,,,,,,,,,,,,,,,,,,,,,,,,,,,,,,,,,,,,,
homepage.faq.title,Titre de la section FAQ,Frequently Asked Questions,Usein kysytyt kysymykset,Foire aux questions,,,,,,,,,,,,,,,,,,,,,,,,,,,,,,,,,,,,,,,,,,,,,,,,,,,
homepage.categories.title,Titre de la section catégories,Our Categories,Kategoriamme,Nos catégories,,,,,,,,,,,,,,,,,,,,,,,,,,,,,,,,,,,,,,,,,,,,,,,,,,,
homepage.testimonials.title,Titre de la section témoignages,Customer Reviews,Asiakasarvostelut,Avis clients,,,,,,,,,,,,,,,,,,,,,,,,,,,,,,,,,,,,,,,,,,,,,,,,,,,
homepage.stats.title,Titre de la section statistiques,Our Key Figures,Keskeiset luvut,Nos chiffres clés,,,,,,,,,,,,,,,,,,,,,,,,,,,,,,,,,,,,,,,,,,,,,,,,,,,
homepage.stats.products.number,Nombre de produits,1620+,1620+,1120+,,,,,,,,,,,,,,,,,,,,,,,,,,,,,,,,,,,,,,,,,,,,,,,,,,,
homepage.stats.products.label,Label produits,Products Available,Saatavilla olevat tuotteet,Produits disponibles,,,,,,,,,,,,,,,,,,,,,,,,,,,,,,,,,,,,,,,,,,,,,,,,,,,
homepage.stats.countries.number,Nombre de pays,120+,120+,110+,,,,,,,,,,,,,,,,,,,,,,,,,,,,,,,,,,,,,,,,,,,,,,,,,,,
homepage.stats.countries.label,Label pays,Country of Delivery,Toimitusmaa,Pays de livraison,,,,,,,,,,,,,,,,,,,,,,,,,,,,,,,,,,,,,,,,,,,,,,,,,,,
homepage.stats.satisfaction.number,Taux de satisfaction,98%,98 %,98%,,,,,,,,,,,,,,,,,,,,,,,,,,,,,,,,,,,,,,,,,,,,,,,,,,,
homepage.stats.satisfaction.label,Label satisfaction,Customer Satisfaction,Asiakastyytyväisyys,Satisfaction client,,,,,,,,,,,,,,,,,,,,,,,,,,,,,,,,,,,,,,,,,,,,,,,,,,,
homepage.stats.support.number,Support client,24/7,24/7,24h/24 et 7j/7,,,,,,,,,,,,,,,,,,,,,,,,,,,,,,,,,,,,,,,,,,,,,,,,,,,
homepage.stats.support.label,Label support,Customer Service,Asiakaspalvelu,Service client,,,,,,,,,,,,,,,,,,,,,,,,,,,,,,,,,,,,,,,,,,,,,,,,,,,
homepage.testimonials.1.name,Nom du témoignage 1,Mathieu C.,Mathieu C.,David K.,,,,,,,,,,,,,,,,,,,,,,,,,,,,,,,,,,,,,,,,,,,,,,,,,,,
homepage.testimonials.1.text,Texte du témoignage 1,"Excellent service! I ordered fitness equipment and I am very satisfied. The quality is excellent, the delivery was fast, and the packaging was neat. The equipment performs exactly as described and is sturdy, comfortable, and easy to use. It has greatly improved my workouts. I highly recommend it without hesitation.","Erinomaista palvelua! Tilasin kuntolaitteita ja olen erittäin tyytyväinen. Laatu on erinomainen, toimitus oli nopea ja pakkaus siisti. Laitteet toimivat täsmälleen kuvatulla tavalla ja ovat tukevat, mukavat ja helppokäyttöiset. Ne ovat parantaneet treenejäni huomattavasti. Suosittelen sitä lämpimästi epäröimättä.","Service impeccable ! J'ai commandé un moteur Bafang BBS02 et j'en suis très satisfait. La qualité est excellente, la livraison a été rapide et l'emballage soigné. Le moteur fonctionne parfaitement et a transformé mon vélo en un vélo électrique puissant. Je le recommande sans hésiter.",,,,,,,,,,,,,,,,,,,,,,,,,,,,,,,,,,,,,,,,,,,,,,,,,,,
homepage.testimonials.2.name,Nom du témoignage 2,Elodie A.,Elodie A.,Sarah M.,,,,,,,,,,,,,,,,,,,,,,,,,,,,,,,,,,,,,,,,,,,,,,,,,,,
homepage.testimonials.2.text,Texte du témoignage 2,"Excellent value for money. I bought a complete electric bike and everything matched the description. The bike is powerful, comfortable, and well built, with a smooth ride and good range. Delivery was on time, the packaging was secure, and the product exceeded my expectations.","Erinomaista vastinetta rahalle. Ostin täydellisen sähköpyörän ja kaikki vastasi kuvausta. Pyörä on tehokas, mukava ja hyvin rakennettu, ja siinä on tasainen ajo ja hyvä toimintasäde. Toimitus oli ajallaan, pakkaus oli turvallinen ja tuote ylitti odotukseni.","Excellent rapport qualité-prix. J'ai acheté une batterie Bafang 48V et elle correspond parfaitement à la description. La batterie est puissante, robuste et offre une excellente autonomie. La livraison a été effectuée dans les délais et le produit a dépassé mes attentes.",,,,,,,,,,,,,,,,,,,,,,,,,,,,,,,,,,,,,,,,,,,,,,,,,,,
homepage.testimonials.3.name,Nom du témoignage 3,Claude P.,Claude P.,Michael R.,,,,,,,,,,,,,,,,,,,,,,,,,,,,,,,,,,,,,,,,,,,,,,,,,,,
homepage.testimonials.3.text,Texte du témoignage 3,"Perfect! I ordered a stand-up paddle and I’m very satisfied. The product is high quality, the price is competitive, and the delivery went smoothly. The paddle is stable, well designed, and easy to use, making it great for both beginners and experienced riders. I will definitely be back!","Täydellistä! Tilasin seisomamelan ja olen erittäin tyytyväinen. Tuote on laadukas, hinta kilpailukykyinen ja toimitus sujui mutkattomasti. Mela on vakaa, hyvin suunniteltu ja helppokäyttöinen, joten se sopii erinomaisesti sekä aloittelijoille että kokeneille laskijoille. Tulen ehdottomasti takaisin!","Parfait ! J'ai commandé plusieurs composants Bafang pour construire mon vélo électrique. Tous les produits sont d'excellente qualité, les prix sont compétitifs et la livraison s'est déroulée sans problème. Les composants sont de qualité professionnelle et ont considérablement amélioré mon expérience de cyclisme. Je repasserai commande !",,,,,,,,,,,,,,,,,,,,,,,,,,,,,,,,,,,,,,,,,,,,,,,,,,,
homepage.testimonials.4.name,Nom du témoignage 4,Laura Q.,Laura Q.,Emma T.,,,,,,,,,,,,,,,,,,,,,,,,,,,,,,,,,,,,,,,,,,,,,,,,,,,
homepage.testimonials.4.text,Texte du témoignage 4,Responsive customer service and quality products. I had a quick question before ordering and received a prompt and helpful reply. The golf equipment perfectly matches the photos and descriptions. The build quality is excellent and the products perform exactly as expected on the course. Very satisfied with my purchase!,Reagoivaa asiakaspalvelua ja laadukkaita tuotteita. Minulla oli nopea kysymys ennen tilaamista ja sain nopean ja avuliaan vastauksen. Golfvälineet vastaavat täydellisesti kuvia ja kuvauksia. Rakennuksen laatu on erinomainen ja tuotteet toimivat kentällä täsmälleen odotetulla tavalla. Olen erittäin tyytyväinen ostokseeni!,Service client réactif et produits de qualité. J'avais une question rapide concernant la compatibilité d'un moteur Bafang et j'ai reçu une réponse immédiate. Les composants correspondent parfaitement aux photos et aux descriptions. Leur qualité de fabrication est exceptionnelle et ils fonctionnent exactement comme prévu. Je suis très satisfaite de mon achat !,,,,,,,,,,,,,,,,,,,,,,,,,,,,,,,,,,,,,,,,,,,,,,,,,,,
,,,#VALUE!,,,,,,,,,,,,,,,,,,,,,,,,,,,,,,,,,,,,,,,,,,,,,,,,,,,,
,,,#VALUE!,,,,,,,,,,,,,,,,,,,,,,,,,,,,,,,,,,,,,,,,,,,,,,,,,,,,
,,,#VALUE!,,,,,,,,,,,,,,,,,,,,,,,,,,,,,,,,,,,,,,,,,,,,,,,,,,,,
,,,#VALUE!,,,,,,,,,,,,,,,,,,,,,,,,,,,,,,,,,,,,,,,,,,,,,,,,,,,,
,FAQ,,#VALUE!,,,,,,,,,,,,,,,,,,,,,,,,,,,,,,,,,,,,,,,,,,,,,,,,,,,,
homepage.faq.1.question,Question FAQ 1,What are the delivery times?,Mitkä ovat toimitusajat?,Quels sont les délais de livraison ?,,,,,,,,,,,,,,,,,,,,,,,,,,,,,,,,,,,,,,,,,,,,,,,,,,,
homepage.faq.1.answer,Réponse FAQ 1,"Delivery times vary depending on your location and the seller. Generally, standard delivery takes between 15 and 30 business days. Some sellers offer express delivery (7-15 days) for an additional fee. You can check the exact delivery times on each AliExpress product page before placing your order.",Toimitusajat vaihtelevat sijainnistasi ja myyjästä riippuen. Yleensä vakiotoimitus kestää 15–30 arkipäivää. Jotkut myyjät tarjoavat pikatoimituksen (7–15 päivää) lisämaksusta. Voit tarkistaa tarkat toimitusajat kunkin AliExpress-tuotesivun omilta sivuilta ennen tilauksen tekemistä.,"Les délais de livraison varient selon votre lieu de résidence et le vendeur. En général, la livraison standard prend entre 15 et 30 jours ouvrables. Certains vendeurs proposent une livraison express (7 à 15 jours) moyennant un supplément. Vous pouvez consulter les délais de livraison exacts sur chaque page produit AliExpress avant de passer votre commande.",,,,,,,,,,,,,,,,,,,,,,,,,,,,,,,,,,,,,,,,,,,,,,,,,,,
homepage.faq.2.question,Question FAQ 2,What payment methods are accepted?,Mitä maksutapoja hyväksytään?,Quels sont les modes de paiement acceptés ?,,,,,,,,,,,,,,,,,,,,,,,,,,,,,,,,,,,,,,,,,,,,,,,,,,,
homepage.faq.2.answer,Réponse FAQ 2,"AliExpress accepts several secure payment methods: credit cards (Visa, Mastercard), PayPal, bank transfer, and other methods depending on your country. All payments are secure and protected by AliExpress's Buyer Protection system. You will only be charged once your order has shipped.","AliExpress hyväksyy useita turvallisia maksutapoja: luottokortit (Visa, Mastercard), PayPalin, pankkisiirron ja muita menetelmiä maastasi riippuen. Kaikki maksut ovat turvallisia ja suojattuja AliExpressin ostajan suojausjärjestelmän avulla. Sinulta veloitetaan maksu vasta, kun tilauksesi on lähetetty.","AliExpress accepte plusieurs modes de paiement sécurisés : cartes bancaires (Visa, Mastercard), PayPal, virement bancaire et autres méthodes selon votre pays. Tous les paiements sont sécurisés et protégés par le système de protection des acheteurs d’AliExpress. Vous ne serez débité qu’une fois votre commande expédiée.",,,,,,,,,,,,,,,,,,,,,,,,,,,,,,,,,,,,,,,,,,,,,,,,,,,
homepage.faq.3.question,Question FAQ 3,Is there a warranty on the products?,Onko tuotteilla takuu?,Les produits sont-ils garantis ?,,,,,,,,,,,,,,,,,,,,,,,,,,,,,,,,,,,,,,,,,,,,,,,,,,,
homepage.faq.3.answer,Réponse FAQ 3,"Yes, all products sold on AliExpress are covered by the AliExpress Buyer Guarantee. This guarantee covers defective products, products that do not match the description, or products that were not received. You generally have 15 days after receipt to open a dispute if necessary. In addition, many sellers offer their own extended warranties (6 months, 1 year, etc.), which you can find on the product page.","Kyllä, kaikki AliExpressissä myytävät tuotteet kuuluvat AliExpressin ostajan takuun piiriin. Tämä takuu kattaa vialliset tuotteet, tuotteet, jotka eivät vastaa kuvausta, tai tuotteet, joita ei ole vastaanotettu. Sinulla on yleensä 15 päivää vastaanottamisesta aikaa riidan tekemiseen tarvittaessa. Lisäksi monet myyjät tarjoavat omia pidennettyjä takuita (6 kuukautta, 1 vuosi jne.), jotka löydät tuotesivulta.","Oui, tous les produits vendus sur AliExpress sont couverts par la Garantie Acheteur AliExpress. Cette garantie couvre les produits défectueux, les produits non conformes à la description ou les produits non reçus. Vous disposez généralement de 15 jours après réception pour ouvrir un litige si nécessaire. De plus, de nombreux vendeurs proposent leurs propres extensions de garantie (6 mois, 1 an, etc.), que vous trouverez sur la page du produit.",,,,,,,,,,,,,,,,,,,,,,,,,,,,,,,,,,,,,,,,,,,,,,,,,,,
homepage.faq.4.question,Question FAQ 4,What should I do if there's a problem with my order?,"Mitä minun pitäisi tehdä, jos tilauksessani on ongelma?",Que dois-je faire en cas de problème avec ma commande ?,,,,,,,,,,,,,,,,,,,,,,,,,,,,,,,,,,,,,,,,,,,,,,,,,,,
homepage.faq.4.answer,Réponse FAQ 4,"If you encounter a problem (defective product, not received, non-compliant), you can open a dispute directly from your AliExpress account in the ""My Orders"" section. AliExpress customer service will assist you in resolving the issue. Most disputes are resolved quickly, often in your favor if you provide the necessary evidence (photos, description of the problem).","Jos kohtaat ongelman (viallinen tuote, ei vastaanotettu, ei yhteensopiva), voit tehdä valituksen suoraan AliExpress-tililtäsi ""Tilaukseni""-osiossa. AliExpressin asiakaspalvelu auttaa sinua ratkaisemaan ongelman. Useimmat riidat ratkaistaan ​​nopeasti, usein eduksi, jos toimitat tarvittavat todisteet (valokuvat, ongelman kuvaus).","En cas de problème (produit défectueux, non reçu, non conforme), vous pouvez ouvrir un litige directement depuis votre compte AliExpress, dans la section « Mes commandes ». Le service client d'AliExpress vous aidera à résoudre le problème. La plupart des litiges sont résolus rapidement, souvent en votre faveur si vous fournissez les preuves nécessaires (photos, description du problème).",,,,,,,,,,,,,,,,,,,,,,,,,,,,,,,,,,,,,,,,,,,,,,,,,,,
homepage.faq.5.question,Question FAQ 5,Are the products authentic and of good quality?,Ovatko tuotteet aitoja ja laadukkaita?,Les produits sont-ils authentiques et de bonne qualité ?,,,,,,,,,,,,,,,,,,,,,,,,,,,,,,,,,,,,,,,,,,,,,,,,,,,
homepage.faq.5.answer,Réponse FAQ 5,"We select only quality products from verified and positively rated sellers on AliExpress. Each product displays customer reviews and ratings, allowing you to check the quality before purchasing. We recommend reading reviews and checking photos shared by customers to ensure the product meets your expectations.","Valitsemme AliExpressissä vain laadukkaita tuotteita varmennettujen ja positiivisesti arvioitujen myyjien kautta. Jokaisen tuotteen kohdalla näkyy asiakasarvosteluja ja -luokituksia, joiden avulla voit tarkistaa laadun ennen ostamista. Suosittelemme lukemaan arvosteluja ja tarkistamaan asiakkaiden jakamat valokuvat varmistaaksesi, että tuote vastaa odotuksiasi.","Nous sélectionnons uniquement des produits de qualité provenant de vendeurs vérifiés et bien notés sur AliExpress. Chaque produit affiche les avis et les notes des clients, vous permettant ainsi de vérifier sa qualité avant l'achat. Nous vous recommandons de lire les avis et de consulter les photos partagées par les clients afin de vous assurer que le produit correspond à vos attentes.",,,,,,,,,,,,,,,,,,,,,,,,,,,,,,,,,,,,,,,,,,,,,,,,,,,
homepage.bestsellers.title,Titre de la section Best Sellers,Best Sellers,Parhaiten myyvät,Meilleures ventes,,,,,,,,,,,,,,,,,,,,,,,,,,,,,,,,,,,,,,,,,,,,,,,,,,,
button.view_products,"Texte bouton ""Voir les Produits""",View Products,Näytä tuotteet,Voir les produits,,,,,,,,,,,,,,,,,,,,,,,,,,,,,,,,,,,,,,,,,,,,,,,,,,,
button.view_on_aliexpress,"Texte bouton ""Voir sur AliExpress""",View on AliExpress,Näytä AliExpressissä,Voir sur AliExpress,,,,,,,,,,,,,,,,,,,,,,,,,,,,,,,,,,,,,,,,,,,,,,,,,,,
button.discover_reviews,"Texte bouton ""Découvrez les X avis""",Discover the,Tutustu,Découvrez le,,,,,,,,,,,,,,,,,,,,,,,,,,,,,,,,,,,,,,,,,,,,,,,,,,,
button.positive_reviews,"Texte ""avis positifs sur AliExpress""",Positive reviews on AliExpress,Positiivisia arvosteluja AliExpressissä,Avis positifs sur AliExpress,,,,,,,,,,,,,,,,,,,,,,,,,,,,,,,,,,,,,,,,,,,,,,,,,,,