key,description,en,nl_auto,fr_auto,,,,,,,,,,,,,,,,,,,,,,,,,,,,,,,,,,,,,,,,,,,,,,,,,,,
,,,#VALUE!,,,,,,,,,,,,,,,,,,,,,,,,,,,,,,,,,,,,,,,,,,,,,,,,,,,,
,menu,,#VALUE!,,,,,,,,,,,,,,,,,,,,,,,,,,,,,,,,,,,,,,,,,,,,,,,,,,,,
home.en,,Home,Home,Accueil,,,,,,,,,,,,,,,,,,,,,,,,,,,,,,,,,,,,,,,,,,,,,,,,,,,
menu.1,,Catalog,Catalogus,Perceuse,,,,,,,,,,,,,,,,,,,,,,,,,,,,,,,,,,,,,,,,,,,,,,,,,,,
,,,#VALUE!,Meuleuse d'angle,,,,,,,,,,,,,,,,,,,,,,,,,,,,,,,,,,,,,,,,,,,,,,,,,,,
,,,#VALUE!,Batterie au lithium,,,,,,,,,,,,,,,,,,,,,,,,,,,,,,,,,,,,,,,,,,,,,,,,,,,
,,,#VALUE!,Autre,,,,,,,,,,,,,,,,,,,,,,,,,,,,,,,,,,,,,,,,,,,,,,,,,,,
,,,#VALUE!,Accessoires,,,,,,,,,,,,,,,,,,,,,,,,,,,,,,,,,,,,,,,,,,,,,,,,,,,
,,,#VALUE!,,,,,,,,,,,,,,,,,,,,,,,,,,,,,,,,,,,,,,,,,,,,,,,,,,,,
,,,#VALUE!,,,,,,,,,,,,,,,,,,,,,,,,,,,,,,,,,,,,,,,,,,,,,,,,,,,,
descripton.1,,"Discover the Full Bafang Catalog
Explore our complete selection of Bafang products, a global leader in electric mobility solutions. From high-performance mid-drive motors and hub motors to advanced batteries, displays, sensors, and accessories, our catalog brings together everything you need to upgrade, repair, or build your e-bike with trusted Bafang quality.
Whether you’re a commuter, mountain biker, DIY builder, or professional installer, Bafang offers reliable, efficient, and durable components designed for smooth power delivery and an exceptional riding experience. Browse the entire collection and find the perfect parts to boost performance, enhance comfort, and enjoy the freedom of electric cycling.
","Ontdek de volledige Bafang-catalogus
Ontdek ons ​​complete aanbod Bafang-producten, een wereldleider in elektrische mobiliteitsoplossingen. Van krachtige middenmotoren en naafmotoren tot geavanceerde accu's, displays, sensoren en accessoires: onze catalogus bevat alles wat je nodig hebt om je e-bike te upgraden, repareren of op te bouwen met de vertrouwde Bafang-kwaliteit.
Of je nu forens, mountainbiker, doe-het-zelver of professioneel installateur bent, Bafang biedt betrouwbare, efficiënte en duurzame componenten die zijn ontworpen voor een soepele vermogensafgifte en een uitzonderlijke rijervaring. Bekijk de volledige collectie en vind de perfecte onderdelen om de prestaties te verbeteren, het comfort te vergroten en te genieten van de vrijheid van elektrisch fietsen.
","Les perceuses Makita offrent une puissance, une précision et une durabilité exceptionnelles, aussi bien pour les professionnels que pour les bricoleurs. Dotées de moteurs sans balais de pointe, de poignées ergonomiques et de batteries longue durée, elles garantissent un perçage efficace du bois, du métal et de la maçonnerie. Que ce soit pour la construction, la rénovation ou les travaux du quotidien, les perceuses Makita offrent fiabilité et confort d'utilisation, ce qui en fait des outils indispensables à toute boîte à outils.",,,,,,,,,,,,,,,,,,,,,,,,,,,,,,,,,,,,,,,,,,,,,,,,,,,
descripton.2,,"Explore our complete selection of Bafang products, a global leader in electric mobility solutions. From high-performance mid-drive motors and hub motors to advanced batteries, displays, sensors, and accessories, our catalog brings together everything you need to upgrade, repair, or build your e-bike with trusted Bafang quality.","Ontdek ons ​​complete assortiment Bafang-producten, een wereldleider in elektrische mobiliteitsoplossingen. Van krachtige middenmotoren en naafmotoren tot geavanceerde accu's, displays, sensoren en accessoires: onze catalogus bevat alles wat u nodig hebt om uw e-bike te upgraden, repareren of op te bouwen met de vertrouwde kwaliteit van Bafang.","Les meuleuses d'angle Makita sont conçues pour les travaux de découpe, de meulage et de polissage les plus exigeants. Dotées de moteurs haute performance, de systèmes de refroidissement optimisés et de dispositifs de sécurité tels que le démarrage progressif et la protection contre les surcharges, elles offrent un fonctionnement fluide et précis. Idéales pour la métallurgie, la construction et la fabrication, les meuleuses Makita garantissent une grande durabilité et la précision nécessaire pour travailler sans effort les matériaux les plus résistants.",,,,,,,,,,,,,,,,,,,,,,,,,,,,,,,,,,,,,,,,,,,,,,,,,,,
descripton.3,,"Whether you’re a commuter, mountain biker, DIY builder, or professional installer, Bafang offers reliable, efficient, and durable components designed for smooth power delivery and an exceptional riding experience. Browse the entire collection and find the perfect parts to boost performance, enhance comfort, and enjoy the freedom of electric cycling.","Of je nu forens, mountainbiker, doe-het-zelver of professioneel installateur bent, Bafang biedt betrouwbare, efficiënte en duurzame componenten die ontworpen zijn voor een soepele vermogensafgifte en een uitzonderlijke rijervaring. Bekijk de volledige collectie en vind de perfecte onderdelen om de prestaties te verbeteren, het comfort te vergroten en te genieten van de vrijheid van elektrisch fietsen.","Les batteries lithium Makita offrent une puissance exceptionnelle, une autonomie prolongée et une charge rapide pour garantir des performances optimales de tous vos outils. Dotées d'une technologie de protection avancée, elles préviennent la surchauffe et prolongent leur durée de vie. Légères et compatibles avec une large gamme d'outils sans fil Makita, ces batteries fournissent une énergie constante et une grande fiabilité, assurant une productivité continue sur tous vos chantiers.",,,,,,,,,,,,,,,,,,,,,,,,,,,,,,,,,,,,,,,,,,,,,,,,,,,
descripton.4,,"Makita’s additional tools and accessories include saws, sanders, blowers, chargers, and more—each designed with the same commitment to innovation and durability. These products enhance productivity and provide versatile solutions for construction, woodworking, and maintenance tasks. With reliable performance and ergonomic designs, Makita’s accessory range completes any professional or home workshop.","Makita's aanvullende gereedschappen en accessoires omvatten zagen, schuurmachines, bladblazers, laders en meer – elk ontworpen met dezelfde toewijding aan innovatie en duurzaamheid. Deze producten verhogen de productiviteit en bieden veelzijdige oplossingen voor bouw-, houtbewerkings- en onderhoudswerkzaamheden. Met betrouwbare prestaties en ergonomische ontwerpen maakt Makita's accessoireassortiment elke professionele of thuiswerkplaats compleet.","La gamme d'outils et d'accessoires Makita comprend des scies, des ponceuses, des souffleurs, des chargeurs et bien plus encore, tous conçus avec le même souci d'innovation et de durabilité. Ces produits optimisent la productivité et offrent des solutions polyvalentes pour les travaux de construction, de menuiserie et d'entretien. Grâce à leurs performances fiables et à leur conception ergonomique, les accessoires Makita complètent parfaitement tout atelier, professionnel ou amateur.",,,,,,,,,,,,,,,,,,,,,,,,,,,,,,,,,,,,,,,,,,,,,,,,,,,
descripton.5,,test description 5,testbeschrijving 5,,,,,,,,,,,,,,,,,,,,,,,,,,,,,,,,,,,,,,,,,,,,,,,,,,,,
,,,#VALUE!,,,,,,,,,,,,,,,,,,,,,,,,,,,,,,,,,,,,,,,,,,,,,,,,,,,,
,,,#VALUE!,,,,,,,,,,,,,,,,,,,,,,,,,,,,,,,,,,,,,,,,,,,,,,,,,,,,
meta.title.menu.1,,"Bafang Catalog – Motors, Batteries & E-Bike Parts","Bafang Catalogus – Motoren, accu's en e-bike-onderdelen",Perceuses Makita – Outils sans fil puissants et fiables,,,,,,,,,,,,,,,,,,,,,,,,,,,,,,,,,,,,,,,,,,,,,,,,,,,
meta.title.menu.2,,Makita Angle Grinders – Cutting & Grinding Performance,Makita haakse slijpers – snij- en slijpprestaties,Meuleuses d'angle Makita – Performances de coupe et de meulage,,,,,,,,,,,,,,,,,,,,,,,,,,,,,,,,,,,,,,,,,,,,,,,,,,,
meta.title.menu.3,,Makita Lithium Batteries – Long-Lasting Power,Makita lithium-accu's – Langdurige kracht,Batteries au lithium Makita – Une puissance longue durée,,,,,,,,,,,,,,,,,,,,,,,,,,,,,,,,,,,,,,,,,,,,,,,,,,,
meta.title.menu.4,,Makita Tools & Accessories – Complete Your Kit,Makita gereedschap en accessoires – maak uw set compleet,Outils et accessoires Makita – Complétez votre kit,,,,,,,,,,,,,,,,,,,,,,,,,,,,,,,,,,,,,,,,,,,,,,,,,,,
meta.title.menu.5,,Bafang official store,Officiële Bafang-winkel,,,,,,,,,,,,,,,,,,,,,,,,,,,,,,,,,,,,,,,,,,,,,,,,,,,,
,,,#VALUE!,,,,,,,,,,,,,,,,,,,,,,,,,,,,,,,,,,,,,,,,,,,,,,,,,,,,
,,,#VALUE!,,,,,,,,,,,,,,,,,,,,,,,,,,,,,,,,,,,,,,,,,,,,,,,,,,,,
meta.des.menu.1,,"Explore the full Bafang catalog: e-bike motors, batteries, displays, sensors, and accessories. Premium components for upgrades, repairs, and DIY electric bikes.","Ontdek de volledige Bafang-catalogus: e-bikemotoren, accu's, displays, sensoren en accessoires. Premium componenten voor upgrades, reparaties en doe-het-zelf elektrische fietsen.","Découvrez les perceuses Makita, conçues pour la précision, la puissance et la durabilité. Idéales pour les professionnels et les bricoleurs, elles sont équipées de moteurs sans balais et de batteries longue durée.",,,,,,,,,,,,,,,,,,,,,,,,,,,,,,,,,,,,,,,,,,,,,,,,,,,
meta.des.menu.2,,"Discover Makita angle grinders designed for tough cutting and grinding tasks. High performance, safety features, and long-lasting durability.","Ontdek Makita haakse slijpers, ontworpen voor zware zaag- en slijpklussen. Hoge prestaties, veiligheidsvoorzieningen en een lange levensduur.","Découvrez les meuleuses d'angle Makita, conçues pour les travaux de découpe et de meulage les plus exigeants. Haute performance, sécurité renforcée et grande durabilité.",,,,,,,,,,,,,,,,,,,,,,,,,,,,,,,,,,,,,,,,,,,,,,,,,,,
meta.des.menu.3,,"Find Makita lithium batteries offering extended runtime, fast charging, and reliability. Compatible with a wide range of Makita tools.","Vind Makita lithiumaccu's met een langere gebruiksduur, snel opladen en betrouwbaarheid. Compatibel met een breed scala aan Makita-gereedschappen.","Découvrez les batteries lithium Makita offrant une autonomie prolongée, une charge rapide et une grande fiabilité. Compatibles avec une large gamme d'outils Makita.",,,,,,,,,,,,,,,,,,,,,,,,,,,,,,,,,,,,,,,,,,,,,,,,,,,
meta.des.menu.4,,"Explore Makita accessories including saws, sanders, chargers, and more. Durable, efficient tools to support every professional task.","Ontdek Makita-accessoires, waaronder zagen, schuurmachines, laders en meer. Duurzame, efficiënte gereedschappen voor elke professionele klus.","Découvrez les accessoires Makita, notamment les scies, les ponceuses, les chargeurs et bien plus encore. Des outils robustes et performants pour vous accompagner dans toutes vos tâches professionnelles.",,,,,,,,,,,,,,,,,,,,,,,,,,,,,,,,,,,,,,,,,,,,,,,,,,,
meta.des.menu.5,,"Explore Bafang accessories including saws, sanders, chargers, and more. Durable, efficient tools to support every professional task.","Ontdek Bafang-accessoires, waaronder zagen, schuurmachines, laders en meer. Duurzame, efficiënte gereedschappen ter ondersteuning van elke professionele taak.",,,,,,,,,,,,,,,,,,,,,,,,,,,,,,,,,,,,,,,,,,,,,,,,,,,,
,,,#VALUE!,,,,,,,,,,,,,,,,,,,,,,,,,,,,,,,,,,,,,,,,,,,,,,,,,,,,
,,,#VALUE!,,,,,,,,,,,,,,,,,,,,,,,,,,,,,,,,,,,,,,,,,,,,,,,,,,,,
,,,#VALUE!,,,,,,,,,,,,,,,,,,,,,,,,,,,,,,,,,,,,,,,,,,,,,,,,,,,,
,,,#VALUE!,,,,,,,,,,,,,,,,,,,,,,,,,,,,,,,,,,,,,,,,,,,,,,,,,,,,
,Footer,,#VALUE!,,,,,,,,,,,,,,,,,,,,,,,,,,,,,,,,,,,,,,,,,,,,,,,,,,,,
,,,#VALUE!,,,,,,,,,,,,,,,,,,,,,,,,,,,,,,,,,,,,,,,,,,,,,,,,,,,,
footer.link.home,Lien footer Accueil,Home,Home,Maison,,,,,,,,,,,,,,,,,,,,,,,,,,,,,,,,,,,,,,,,,,,,,,,,,,,
footer.link.sitemap,Lien footer Plan du site,Site map,Sitemap,Plan du site,,,,,,,,,,,,,,,,,,,,,,,,,,,,,,,,,,,,,,,,,,,,,,,,,,,
footer.link.conditions,Lien footer Conditions,Terms of Use,Gebruiksvoorwaarden,Conditions d'utilisation,,,,,,,,,,,,,,,,,,,,,,,,,,,,,,,,,,,,,,,,,,,,,,,,,,,
footer.link.mentions,Lien footer Mentions légales,Legal notice,Juridische kennisgeving,Avis juridique,,,,,,,,,,,,,,,,,,,,,,,,,,,,,,,,,,,,,,,,,,,,,,,,,,,
footer.link.policy,Lien footer Politique,Privacy Policy,Privacybeleid,politique de confidentialité,,,,,,,,,,,,,,,,,,,,,,,,,,,,,,,,,,,,,,,,,,,,,,,,,,,
footer.link.aboutus,Lien footer about us,About us,Over ons,À propos de nous,,,,,,,,,,,,,,,,,,,,,,,,,,,,,,,,,,,,,,,,,,,,,,,,,,,
,,,#VALUE!,,,,,,,,,,,,,,,,,,,,,,,,,,,,,,,,,,,,,,,,,,,,,,,,,,,,
,,,#VALUE!,,,,,,,,,,,,,,,,,,,,,,,,,,,,,,,,,,,,,,,,,,,,,,,,,,,,
legal.conditions.title,Titre page Conditions d'utilisation,Terms of Use - AliExpress Affiliate Makita Program,Gebruiksvoorwaarden - AliExpress Affiliate Makita Programma,Conditions d'utilisation - Programme d'affiliation AliExpress Makita,,,,,,,,,,,,,,,,,,,,,,,,,,,,,,,,,,,,,,,,,,,,,,,,,,,
legal.mentions.title,Titre page Mentions légales,Legal Notice - AliExpress Affiliate Program,Juridische kennisgeving - AliExpress Affiliate Programma,Mentions légales - Programme d'affiliation AliExpress,,,,,,,,,,,,,,,,,,,,,,,,,,,,,,,,,,,,,,,,,,,,,,,,,,,
legal.policy.title,Titre page Politique de confidentialité,Privacy Policy - AliExpress Affiliate Program,Privacybeleid - AliExpress Affiliate Programma,Politique de confidentialité - Programme d'affiliation AliExpress,,,,,,,,,,,,,,,,,,,,,,,,,,,,,,,,,,,,,,,,,,,,,,,,,,,
legal.aboutus.title,Titre page about us,About us – BAFANG,Over ons – BAFANG,À propos de nous – MAKITA,,,,,,,,,,,,,,,,,,,,,,,,,,,,,,,,,,,,,,,,,,,,,,,,,,,
,,,#VALUE!,,,,,,,,,,,,,,,,,,,,,,,,,,,,,,,,,,,,,,,,,,,,,,,,,,,,
legal.conditions.meta.description,Description SEO Conditions,AliExpress Affiliate Site Terms of Use,Gebruiksvoorwaarden voor AliExpress-partnersites,Conditions d'utilisation du site affilié AliExpress,,,,,,,,,,,,,,,,,,,,,,,,,,,,,,,,,,,,,,,,,,,,,,,,,,,
legal.mentions.meta.description,Description SEO Mentions légales,Legal notices for the AliExpress affiliate website,Juridische mededelingen voor de AliExpress-partnerwebsite,Mentions légales du site affilié AliExpress,,,,,,,,,,,,,,,,,,,,,,,,,,,,,,,,,,,,,,,,,,,,,,,,,,,
legal.policy.meta.description,Description SEO Politique,AliExpress Affiliate Site Privacy Policy,AliExpress Affiliate Site Privacybeleid,Politique de confidentialité du site affilié AliExpress,,,,,,,,,,,,,,,,,,,,,,,,,,,,,,,,,,,,,,,,,,,,,,,,,,,
legal.aboutus.meta.description,Description SEO About us,Learn about Makita: A global leader in professional power tools since 1915. Discover our LXT® cordless technology and durable tools for professionals.,Maak kennis met Makita: sinds 1915 wereldleider op het gebied van professioneel elektrisch gereedschap. Ontdek onze LXT®-snoerloze technologie en duurzame gereedschappen voor professionals.,Découvrez Makita : leader mondial des outils électroportatifs professionnels depuis 1915. Découvrez notre technologie sans fil LXT® et nos outils durables conçus pour les professionnels.,,,,,,,,,,,,,,,,,,,,,,,,,,,,,,,,,,,,,,,,,,,,,,,,,,,
,,,#VALUE!,,,,,,,,,,,,,,,,,,,,,,,,,,,,,,,,,,,,,,,,,,,,,,,,,,,,
legal.conditions.content,Contenu de la page conditions,"Terms of Use Last updated: 2024 1. Acceptance of Terms By accessing and using this website, you agree to be bound by these terms of use. If you do not agree to these terms, please do not use this site. 2. Description of Service This site is an affiliate site that provides links to products available on AliExpress. We do not sell the products directly, but earn a commission on sales made through our affiliate links. 3. Affiliate Links All links to AliExpress are affiliate links. By clicking on these links and making a purchase, we may receive a commission at no additional cost to you. 4. Liability We are not responsible for the quality, availability, or delivery of products sold on AliExpress. All disputes concerning products must be resolved directly with AliExpress or the seller. 5. Intellectual Property The content of this site, including text, images, and logos, is protected by intellectual property laws. Any unauthorized reproduction is prohibited. 6. Modifications We reserve the right to modify these terms of use at any time. Modifications will take effect immediately upon their posting on the website. 7. Contact For any questions regarding these terms of use, you can contact us at: contact@evanstudio.com","Gebruiksvoorwaarden Laatst bijgewerkt: 2024 1. Aanvaarding van de voorwaarden Door deze website te bezoeken en te gebruiken, gaat u ermee akkoord gebonden te zijn aan deze gebruiksvoorwaarden. Als u niet akkoord gaat met deze voorwaarden, gebruik deze site dan niet. 2. Beschrijving van de service Deze site is een affiliate site die links biedt naar producten die beschikbaar zijn op AliExpress. Wij verkopen de producten niet rechtstreeks, maar verdienen een commissie op verkopen die via onze affiliate links worden gedaan. 3. Affiliate links Alle links naar AliExpress zijn affiliate links. Door op deze links te klikken en een aankoop te doen, kunnen wij een commissie ontvangen zonder extra kosten voor u. 4. Aansprakelijkheid Wij zijn niet verantwoordelijk voor de kwaliteit, beschikbaarheid of levering van producten die op AliExpress worden verkocht. Alle geschillen met betrekking tot producten moeten rechtstreeks met AliExpress of de verkoper worden opgelost. 5. Intellectueel eigendom De inhoud van deze site, inclusief tekst, afbeeldingen en logo's, is beschermd door intellectuele eigendomsrechten. Elke ongeautoriseerde reproductie is verboden. 6. Wijzigingen Wij behouden ons het recht voor om deze gebruiksvoorwaarden op elk moment te wijzigen. Wijzigingen worden onmiddellijk van kracht na plaatsing op de website. 7. Contact Voor vragen over deze gebruiksvoorwaarden kunt u contact met ons opnemen via: contact@evanstudio.com","Conditions d'utilisation Dernière mise à jour : 2024 1. Acceptation des conditions En accédant à ce site Web et en l'utilisant, vous acceptez d'être lié par les présentes conditions d'utilisation. Si vous n'acceptez pas ces conditions, veuillez ne pas utiliser ce site. 2. Description du service Ce site est un site affilié qui fournit des liens vers des produits disponibles sur AliExpress. Nous ne vendons pas les produits directement, mais percevons une commission sur les ventes réalisées via nos liens d'affiliation. 3. Liens d'affiliation Tous les liens vers AliExpress sont des liens d'affiliation. En cliquant sur ces liens et en effectuant un achat, nous pouvons recevoir une commission sans frais supplémentaires pour vous. 4. Responsabilité Nous ne sommes pas responsables de la qualité, de la disponibilité ou de la livraison des produits vendus sur AliExpress. Tout litige concernant les produits doit être résolu directement avec AliExpress ou le vendeur. 5. Propriété intellectuelle Le contenu de ce site, y compris les textes, les images et les logos, est protégé par les lois sur la propriété intellectuelle. Toute reproduction non autorisée est interdite. 6. Modifications Nous nous réservons le droit de modifier les présentes conditions d'utilisation à tout moment. Les modifications entreront en vigueur immédiatement après leur publication sur le site Web. 7. Contact Pour toute question concernant les présentes conditions d'utilisation, vous pouvez nous contacter à l'adresse suivante : contact@evanstudio.com",,,,,,,,,,,,,,,,,,,,,,,,,,,,,,,,,,,,,,,,,,,,,,,,,,,
legal.mentions.content,Contenu de la page mentions,"<p>Last updated: 2024</p>

<h2>1. Website Publisher</h2>
<ul>
    <li>Company name: EVAN STUDIO CO.LTD</li>
    <li>Email: contact@evanstudio.net</li>
</ul>

<h2>2. Publication Director</h2>
<p>EVAN STUDIO CO.LTD (Director and Owner)</p>

<h2>3. Hosting</h2>
<ul>
    <li>Host: Cloudflare</li>
    <li>Address: 101 Townsend St, San Francisco, CA 94107, USA</li>
</ul>

<h2>4. Intellectual Property</h2>
<p>This entire website is governed by French and international legislation on copyright and intellectual property. All rights of reproduction are reserved, including for downloadable documents and iconographic and photographic representations. Reproduction of all or part of this website on any electronic medium whatsoever is strictly prohibited without the express authorization of the publication director.</p>

<h2>5. Protection of Personal Data</h2>
<p>In accordance with the French Data Protection Act of 6 January 1978, as amended, and the General Data Protection Regulation (GDPR), you have the right to access, rectify, erase, and object to the processing of your personal data. To exercise this right, you can contact us at: contact@alxgroup.com</p>

<h2>6. External Links</h2>
<p>This site contains links to external websites. We are not responsible for the content of these external websites or their privacy policies.</p>

<h2>7. Cookies</h2>
<p>This site may use cookies to improve the user experience. For more information, please see our <a href=""https://policies.google.com/privacy?hl=en-US"">Privacy Policy</a>.</p>

<h2>8. Contact</h2>
<p>For any questions regarding these legal notices, you can contact us at: contact@evanstudio.com</p>","<p>Laatst bijgewerkt: 2024</p>

<h2>1. Website-uitgever</h2>
<ul>
<li>Bedrijfsnaam: EVAN STUDIO CO.LTD</li>
<li>E-mailadres: contact@evanstudio.net</li>
</ul>

<h2>2. Publicatiedirecteur</h2>
<p>EVAN STUDIO CO.LTD (directeur en eigenaar)</p>

<h2>3. Hosting</h2>
<ul>
<li>Host: Cloudflare</li>
<li>Adres: 101 Townsend St, San Francisco, CA 94107, VS</li>
</ul>

<h2>4. Intellectueel eigendom</h2>
<p>Deze gehele website valt onder de Franse en internationale wetgeving inzake auteursrecht en intellectueel eigendom. Alle reproductierechten zijn voorbehouden, inclusief die voor downloadbare documenten en iconografische en fotografische weergaven. Reproductie van (een deel van) deze website op welke elektronische drager dan ook is ten strengste verboden zonder uitdrukkelijke toestemming van de publicatiedirecteur.</p>

<h2>5. Bescherming van persoonsgegevens</h2>
<p>Overeenkomstig de Franse wet op de gegevensbescherming van 6 januari 1978, zoals gewijzigd, en de Algemene Verordening Gegevensbescherming (AVG), heeft u recht op inzage, rectificatie, verwijdering en bezwaar tegen de verwerking van uw persoonsgegevens. Om dit recht uit te oefenen, kunt u contact met ons opnemen via: contact@alxgroup.com</p>

<h2>6. Externe links</h2>
<p>Deze site bevat links naar externe websites. Wij zijn niet verantwoordelijk voor de inhoud van deze externe websites of hun privacybeleid.</p>

<h2>7. Cookies</h2>
<p>Deze site kan cookies gebruiken om de gebruikerservaring te verbeteren. Raadpleeg voor meer informatie ons <a href=""https://policies.google.com/privacy?hl=nl-NL"">Privacybeleid</a>.</p>

<h2>8. Contact</h2>
<p>Voor vragen over deze juridische kennisgevingen kunt u contact met ons opnemen via: contact@evanstudio.com</p>","<p>Dernière mise à jour : 2024</p>

<h2>1. Éditeur du site web</h2>

<ul>

<li>Nom de l’entreprise : EVAN STUDIO CO.LTD</li>

<li>Courriel : contact@evanstudio.net</li>

</ul>

<h2>2. Directeur de la publication</h2>

<p>EVAN STUDIO CO.LTD (Directeur et propriétaire)</p>

<h2>3. Hébergement</h2>

<ul>
<li>Hébergeur : Cloudflare</li>

<li>Adresse : 101 Townsend St, San Francisco, CA 94107, États-Unis</li>

</ul>

<h2>4. Propriété intellectuelle</h2>

<p>L’intégralité de ce site web est protégée par la législation française et internationale sur le droit d’auteur et la propriété intellectuelle. Tous les droits de reproduction sont réservés, y compris pour les documents téléchargeables et les représentations iconographiques et photographiques. La reproduction de tout ou partie de ce site web sur quelque support électronique que ce soit est strictement interdite sans l'autorisation expresse du directeur de la publication.

5. Protection des données personnelles

Conformément à la loi Informatique et Libertés du 6 janvier 1978 modifiée et au Règlement général sur la protection des données (RGPD), vous disposez d'un droit d'accès, de rectification, d'effacement et d'opposition au traitement de vos données personnelles. Pour exercer ce droit, vous pouvez nous contacter à l'adresse : contact@alxgroup.com

6. Liens externes

Ce site contient des liens vers des sites web externes. Nous ne sommes pas responsables du contenu de ces sites ni de leurs politiques de confidentialité.

7. Cookies

Ce site peut utiliser des cookies afin d'améliorer votre expérience utilisateur. Pour plus d'informations, veuillez consulter notre <a href=""https://policies.google.com/privacy?hl=en-US"">Politique de confidentialité</a>.</p>

<h2>8. Contact</h2>

<p>Pour toute question concernant ces mentions légales, vous pouvez nous contacter à l'adresse : contact@evanstudio.com</p>",,,,,,,,,,,,,,,,,,,,,,,,,,,,,,,,,,,,,,,,,,,,,,,,,,,
legal.policy.content,Contenu de la page policy,"<p>Last updated: 2024</p>

<h2>1. Introduction</h2>
<p>This privacy policy describes how we collect, use, and protect your personal information when you use our website.</p>

<h2>2. Data Collected</h2>
<ul>
    <li>Browsing data: IP address, browser type, pages visited, visit duration</li>
    <li>Cookies: to improve your user experience and analyze traffic</li>
    <li>Contact data: if you contact us via the form or email</li>
</ul>

<h2>3. Use of Data</h2>
<ul>
    <li>Improve the website's functionality</li>
    <li>Analyze website traffic and usage</li>
    <li>Contact you in response to your inquiries</li>
    <li>Comply with our legal obligations</li>
</ul>

<h2>4. Cookies</h2>
<ul>
    <li>Remember your preferences</li>
    <li>Analyze website traffic</li>
    <li>Improve the user experience</li>
</ul>
<p>You can disable cookies in your browser settings, but this may affect some website functionality.</p>

<h2>5. Data Sharing</h2>
<p>We do not sell, rent, or share your personal data with third parties, except:</p>
<ul>
    <li>When required by law</li>
    <li>With your explicit consent</li>
    <li>With our service providers (hosting, analytics) under a confidentiality agreement</li>
</ul>

<h2>6. Data Security</h2>
<p>We implement appropriate security measures to protect your personal data against unauthorized access, modification, disclosure, or destruction.</p>

<h2>7. Your Rights (GDPR)</h2>
<ul>
    <li>Right of access: you can request a copy of your personal data</li>
    <li>Right to rectification: you can correct your inaccurate data</li>
    <li>Right to erasure: you can request the deletion of your data</li>
    <li>Right to object: You can object to the processing of your personal data under certain circumstances.</li>
</ul>","<p>Laatst bijgewerkt: 2024</p>

<h2>1. Inleiding</h2>
<p>Dit privacybeleid beschrijft hoe we uw persoonsgegevens verzamelen, gebruiken en beschermen wanneer u onze website gebruikt.</p>

<h2>2. Verzamelde gegevens</h2>
<ul>
<li>Browsegegevens: IP-adres, browsertype, bezochte pagina's, bezoekduur</li>
<li>Cookies: om uw gebruikerservaring te verbeteren en verkeer te analyseren</li>
<li>Contactgegevens: als u contact met ons opneemt via het formulier of e-mail</li>
</ul>

<h2>3. Gebruik van gegevens</h2>
<ul>
<li>Om de functionaliteit van de website te verbeteren</li>
<li>Om websiteverkeer en -gebruik te analyseren</li>
<li>Om contact met u op te nemen naar aanleiding van uw vragen</li>
<li>Om te voldoen aan onze wettelijke verplichtingen</li>
</ul>

<h2>4. Cookies</h2>
<ul>
<li>Onthoud uw voorkeuren</li>
<li>Analyseer websiteverkeer</li>
<li>Verbeter de gebruikerservaring</li>
</ul>
<p>U kunt cookies uitschakelen in uw browserinstellingen, maar dit kan van invloed zijn op de functionaliteit van de website.</p>

<h2>5. Gegevensdeling</h2>
<p>Wij verkopen, verhuren of delen uw persoonsgegevens niet met derden, behalve:</p>
<ul>
<li>Wanneer wettelijk vereist</li>
<li>Met uw uitdrukkelijke toestemming</li>
<li>Met onze dienstverleners (hosting, analyse) onder een geheimhoudingsovereenkomst</li>
</ul>

<h2>6. Gegevensbeveiliging</h2>
<p>Wij implementeren passende beveiligingsmaatregelen om uw persoonsgegevens te beschermen tegen ongeautoriseerde toegang, wijziging, openbaarmaking of vernietiging.</p>

<h2>7. Uw rechten (AVG)</h2>
<ul>
<li>Recht op inzage: u kunt een kopie van uw persoonsgegevens opvragen</li>
<li>Recht op rectificatie: u kunt onjuiste gegevens corrigeren</li>
<li>Recht op gegevenswissing: u kunt verzoeken om verwijdering van uw gegevens</li>
<li>Recht van bezwaar: u kunt onder bepaalde omstandigheden bezwaar maken tegen de verwerking van uw persoonsgegevens.</li>
</ul>","<p>Dernière mise à jour : 2024</p>

<h2>1. Introduction</h2>

<p>Cette politique de confidentialité décrit comment nous recueillons, utilisons et protégeons vos données personnelles lorsque vous utilisez notre site web.</p>

<h2>2. Données collectées</h2>

<ul>
<li>Données de navigation : adresse IP, type de navigateur, pages consultées, durée des visites</li>

<li>Cookies : pour améliorer votre expérience utilisateur et analyser le trafic</li>

<li>Données de contact : si vous nous contactez via le formulaire ou par e-mail</li>

</ul>

<h2>3. Utilisation des données</h2>

<ul>
<li>Améliorer les fonctionnalités du site web</li>

<li>Analyser le trafic et l’utilisation du site web</li>

<li>Répondre à vos demandes</li>

<li>Respecter nos obligations légales</li>

</ul>

<h2>4. Cookies</h2>

<ul>
<li>Mémoriser vos préférences</li>

<li>Analyser le trafic du site web</li>

<li>Améliorer l'expérience utilisateur</li>

</ul>
<p>Vous pouvez désactiver les cookies dans les paramètres de votre navigateur, mais cela peut affecter certaines fonctionnalités du site web.</p>

<h2>5. Partage des données</h2>

<p>Nous ne vendons, ne louons ni ne partageons vos données personnelles avec des tiers, sauf :</p>

<ul>
<li>Lorsque la loi l'exige</li>

<li>Avec votre consentement explicite</li>

<li>Avec nos prestataires de services (hébergement, analyse) dans le cadre d'un accord de confidentialité</li>

</ul>

<h2>6. Sécurité des données</h2>

<p>Nous mettons en œuvre des mesures de sécurité appropriées pour protéger vos données personnelles contre tout accès, modification, divulgation ou destruction non autorisés.</p>

<h2>7. Vos droits (RGPD)</h2>

<ul>

<li>Droit d'accès : vous pouvez demander une copie de vos données personnelles</li>

<li>Droit de rectification : vous pouvez corriger vos données inexactes</li>

<li>Droit à l'effacement : vous pouvez demander la suppression de vos données</li>

<li>Droit d'opposition : vous pouvez vous opposer au traitement de vos données personnelles dans certaines circonstances.</li>
</ul>",,,,,,,,,,,,,,,,,,,,,,,,,,,,,,,,,,,,,,,,,,,,,,,,,,,
legal.aboutus.content,Contenu de la page about us," <h1>The Bafang Story - Powering the E-Mobility Revolution</h1>

    <p>Bafang is more than just a manufacturer of e-bike components; they are a driving force behind the global e-bike movement, committed to making electric cycling accessible, enjoyable, and reliable for everyone—from the daily commuter to the dedicated mountain biker.</p>

    <h2>Our History: From Humble Beginnings to Global Leader</h2>

    <p>The Bafang story is a testament to dedication and forward-thinking engineering.</p>

    <p>Bafang was founded in 2003 in Suzhou, China, with a clear, ambitious goal: to develop and produce the highest quality components for electric bikes and scooters. In the early days, the e-bike market was nascent, but Bafang's founders saw the incredible potential for electric assist technology to change transportation.</p>

    <p>Right from the start, Bafang focused intensely on <strong>R&D and vertical integration</strong>. This commitment allowed them to control every stage of the manufacturing process, from design concept to final assembly, ensuring unmatched quality and consistency.</p>

    <p>Over the next two decades, Bafang's reputation grew rapidly based on the reliability and robustness of their products, leading to major milestones:</p>
    <ul>
        <li><strong>Pioneering Mid-Drive Systems:</strong> Bafang became globally recognized for their powerful and versatile mid-drive motor series (like the popular BBS and M series), which redefined performance and integration in e-bikes.</li>
        <li><strong>Global Expansion:</strong> With design centers in Europe and a vast manufacturing network, Bafang became a truly international company, supplying their components to bike brands and enthusiasts across every continent.</li>
    </ul>

    <h2>Our Vision: A Greener, More Accessible Future</h2>

    <p>Bafang's vision extends beyond the workshop. They are committed to:</p>
    <ul>
        <li><strong>Sustainable Mobility:</strong> By promoting electric cycling, Bafang contributes directly to reducing traffic congestion, decreasing carbon emissions, and encouraging healthier, active lifestyles.</li>
        <li><strong>Technological Accessibility:</strong> They strive to create components that are not only high-performing but also affordable, allowing more people worldwide to experience the joy and utility of electric bikes.</li>
    </ul>

    <h2>The Technology Behind the Power</h2>

    <p>What truly sets Bafang apart is their commitment to sophisticated, user-focused engineering across their complete product portfolio, which includes <strong>Hub Motors, Mid-Drive Systems, Batteries, Controllers, and HMI (Human-Machine Interface)</strong> displays.</p>

    <h3>The Power of the Mid-Drive</h3>
    <p>Bafang is most celebrated for its mid-drive systems, which are engineered for optimal performance:</p>
    <ul>
        <li><strong>Efficiency:</strong> By powering the bike's drivetrain directly through the chain, the motor can utilize the bike’s gears. This allows the motor to operate at its most efficient RPM, delivering high torque and superior hill-climbing ability while consuming less power.</li>
        <li><strong>Balance:</strong> Positioning the motor centrally and low on the frame maintains the bike's center of gravity, resulting in balanced handling and a natural cycling feel.</li>
        <li><strong>Reliability:</strong> Bafang motors are renowned for their rugged, durable design, capable of handling extreme weather and demanding terrains.</li>
    </ul>

    <h2>Bafang: Our Commitment to You</h2>

    <p>We are dedicated to bringing the quality and innovation of Bafang directly to you. We choose Bafang because we share their commitment to excellence.</p>

    <p>When you choose a Bafang-powered product from us, you are investing in:</p>
    <ul>
        <li><strong>Proven Reliability:</strong> Components that have been rigorously tested and trusted by millions of riders globally.</li>
        <li><strong>Leading Performance:</strong> Access to the latest e-bike motor and battery technology.</li>
        <li><strong>Exceptional Value:</strong> The perfect balance of premium quality and competitive pricing.</li>
    </ul>

    <p><strong>Join the e-mobility revolution. Experience the Bafang difference today!</strong></p>
","<h1>Het verhaal van Bafang - De drijvende kracht achter de e-mobiliteitsrevolutie</h1>

<p>Bafang is meer dan alleen een fabrikant van e-bike-onderdelen; ze zijn een drijvende kracht achter de wereldwijde e-bike-beweging en zetten zich in om elektrisch fietsen toegankelijk, plezierig en betrouwbaar te maken voor iedereen – van de dagelijkse forens tot de fanatieke mountainbiker.</p>

<h2>Onze geschiedenis: van een bescheiden begin tot een wereldleider</h2>

<p>Het verhaal van Bafang getuigt van toewijding en vooruitstrevende techniek.</p>

<p>Bafang werd in 2003 opgericht in Suzhou, China, met een duidelijk en ambitieus doel: het ontwikkelen en produceren van componenten van de hoogste kwaliteit voor elektrische fietsen en scooters. In de beginjaren stond de markt voor e-bikes nog in de kinderschoenen, maar de oprichters van Bafang zagen het enorme potentieel van elektrische ondersteuningstechnologie om transport te veranderen.

<p>Vanaf het begin richtte Bafang zich intensief op <strong>R&D en verticale integratie</strong>. Deze toewijding stelde hen in staat om elke fase van het productieproces te beheersen, van ontwerpconcept tot eindassemblage, waardoor ongeëvenaarde kwaliteit en consistentie werden gegarandeerd.</p>

<p>In de daaropvolgende twee decennia groeide de reputatie van Bafang snel dankzij de betrouwbaarheid en robuustheid van hun producten, wat leidde tot belangrijke mijlpalen:</p>
<ul>
<li><strong>Baanbrekende middenmotorsystemen:</strong> Bafang werd wereldwijd erkend om hun krachtige en veelzijdige middenmotorserie (zoals de populaire BBS- en M-serie), die prestaties en integratie in e-bikes opnieuw definieerde.</li>
<li><strong>Wereldwijde expansie:</strong> Met ontwerpcentra in Europa en een uitgebreid productienetwerk groeide Bafang uit tot een echt internationaal bedrijf dat zijn componenten leverde aan fietsmerken en -liefhebbers op elk continent.</li>
</ul>

<h2>Onze visie: Een groenere, toegankelijkere toekomst</h2>

<p>De visie van Bafang reikt verder dan de werkplaats. Ze zetten zich in voor:</p>
<ul>
<li><strong>Duurzame mobiliteit:</strong> Door elektrisch fietsen te promoten, draagt ​​Bafang direct bij aan het verminderen van verkeersopstoppingen, het verlagen van de CO2-uitstoot en het stimuleren van een gezondere, actieve levensstijl.</li>
<li><strong>Technologische toegankelijkheid:</strong> Ze streven ernaar componenten te creëren die niet alleen goed presteren, maar ook betaalbaar zijn, zodat meer mensen wereldwijd het plezier en de bruikbaarheid van elektrische fietsen kunnen ervaren.</li>
</ul>

<h2>De technologie achter de kracht</h2>

<p>Wat Bafang echt onderscheidt, is hun toewijding aan geavanceerde, gebruikersgerichte engineering in hun volledige productportfolio, waaronder <strong>naafmotoren, middenaandrijvingssystemen, accu's, controllers en HMI-displays (Human-Machine Interface)</strong>.</p>

<h3>De kracht van de middenaandrijving</h3>
<p>Bafang staat vooral bekend om zijn middenaandrijvingssystemen, die zijn ontworpen voor optimale prestaties. Prestaties:</p>
<ul>
<li><strong>Efficiëntie:</strong> Door de aandrijflijn van de fiets rechtstreeks via de ketting aan te drijven, kan de motor de versnellingen van de fiets benutten. Hierdoor kan de motor op het meest efficiënte toerental werken, wat zorgt voor een hoog koppel en superieure klimprestaties, terwijl er minder energie wordt verbruikt.</li>
<li><strong>Balans:</strong> Door de motor centraal en laag op het frame te plaatsen, blijft het zwaartepunt van de fiets behouden, wat resulteert in een evenwichtige handling en een natuurlijk fietsgevoel.</li>
<li><strong>Betrouwbaarheid:</strong> Bafang-motoren staan ​​bekend om hun robuuste, duurzame ontwerp, geschikt voor extreme weersomstandigheden en veeleisende terreinen.</li>
</ul>

<h2>Bafang: Onze toewijding aan u</h2>

<p>Wij streven ernaar om de kwaliteit en innovatie van Bafang rechtstreeks aan u te leveren. Wij kiezen voor Bafang omdat we hun streven naar uitmuntendheid delen.</p>

<p>Wanneer u kiest voor een product met Bafang-technologie, investeert u in:</p>
<ul>
<li><strong>Bewezen betrouwbaarheid:</strong> Componenten die grondig zijn getest en vertrouwd door miljoenen fietsers wereldwijd.</li>
<li><strong>Toonaangevende prestaties:</strong> Toegang tot de nieuwste e-bike motor- en accutechnologie.</li>
<li><strong>Uitzonderlijke waarde:</strong> De perfecte balans tussen premium kwaliteit en concurrerende prijzen.</li>
</ul>

<p><strong>Doe mee aan de e-mobiliteitsrevolutie. Ervaar vandaag nog het verschil van Bafang!</strong></p>
","id=""about-bafang"">",,,,,,,,,,,,,,,,,,,,,,,,,,,,,,,,,,,,,,,,,,,,,,,,,,,
,,,#VALUE!,,,,,,,,,,,,,,,,,,,,,,,,,,,,,,,,,,,,,,,,,,,,,,,,,,,,
,,,#VALUE!,,,,,,,,,,,,,,,,,,,,,,,,,,,,,,,,,,,,,,,,,,,,,,,,,,,,
,,,#VALUE!,,,,,,,,,,,,,,,,,,,,,,,,,,,,,,,,,,,,,,,,,,,,,,,,,,,,
footer.copyright,Texte copyright footer,© 2024 AliExpress Affiliate. All rights reserved.,© 2024 AliExpress Affiliate. Alle rechten voorbehouden.,© 2024 Partenaire AliExpress. Tous droits réservés.,,,,,,,,,,,,,,,,,,,,,,,,,,,,,,,,,,,,,,,,,,,,,,,,,,,
footer.contact,Texte contact footer,Contact us:,Neem contact met ons op:,Contactez-nous:,,,,,,,,,,,,,,,,,,,,,,,,,,,,,,,,,,,,,,,,,,,,,,,,,,,
site.domain,Domaine du site (URL de base),https://bafang-shop.com,https://bafang-shop.com,https://bafang-shop.com,,,,,,,,,,,,,,,,,,,,,,,,,,,,,,,,,,,,,,,,,,,,,,,,,,,
site.contact.email,Adresse email de contact,contact@evanstudio.net,contact@evanstudio.net,contact@evanstudio.net,,,,,,,,,,,,,,,,,,,,,,,,,,,,,,,,,,,,,,,,,,,,,,,,,,,
,,,#VALUE!,,,,,,,,,,,,,,,,,,,,,,,,,,,,,,,,,,,,,,,,,,,,,,,,,,,,
,,,#VALUE!,,,,,,,,,,,,,,,,,,,,,,,,,,,,,,,,,,,,,,,,,,,,,,,,,,,,
,,</head>,</hoofd>,</head>,transportation.</p>,transportation.</p>,transportation.</p>,transportation.</p>,transportation.</p>,transportation.</p>,transportation.</p>,transportation.</p>,transportation.</p>,transportation.</p>,transportation.</p>,transportation.</p>,transportation.</p>,transportation.</p>,transportation.</p>,transportation.</p>,transportation.</p>,transportation.</p>,transportation.</p>,transportation.</p>,transportation.</p>,transportation.</p>,transportation.</p>,transportation.</p>,transportation.</p>,transportation.</p>,transportation.</p>,transportation.</p>,transportation.</p>,transportation.</p>,transportation.</p>,transportation.</p>,transportation.</p>,transportation.</p>,transportation.</p>,transportation.</p>,transportation.</p>,transportation.</p>,transportation.</p>,transportation.</p>,transportation.</p>,transportation.</p>,transportation.</p>,transportation.</p>,transportation.</p>,transportation.</p>,transportation.</p>,transportation.</p>,transportation.</p>,transportation.</p>,transportation.</p>
,,<body>,<lichaam>,<corps>,,,,,,,,,,,,,,,,,,,,,,,,,,,,,,,,,,,,,,,,,,,,,,,,,,,
,,,#VALUE!,,,,,,,,,,,,,,,,,,,,,,,,,,,,,,,,,,,,,,,,,,,,,,,,,,,,
,,,#VALUE!,,,,,,,,,,,,,,,,,,,,,,,,,,,,,,,,,,,,,,,,,,,,,,,,,,,,
,,,#VALUE!,,,,,,,,,,,,,,,,,,,,,,,,,,,,,,,,,,,,,,,,,,,,,,,,,,,,
,Index,,#VALUE!,,,,,,,,,,,,,,,,,,,,,,,,,,,,,,,,,,,,,,,,,,,,,,,,,,,,
,,,#VALUE!,,,,,,,,,,,,,,,,,,,,,,,,,,,,,,,,,,,,,,,,,,,,,,,,,,,,
site.meta.title,Titre SEO du site (page d'accueil),Bafang Electric Bike Motors & Parts – Official Store,Bafang Elektrische Fietsmotoren & Onderdelen – Officiële Winkel,Programme d'affiliation AliExpress - Meilleurs produits,,,,,,,,,,,,,,,,,,,,,,,,,,,,,,,,,,,,,,,,,,,,,,,,,,,
site.meta.description,Description SEO du site (page d'accueil),"Discover Bafang e-bike motors, batteries, and accessories. High-performance, reliable components for electric bikes. Fast shipping and quality guaranteed.","Ontdek Bafang e-bike motoren, accu's en accessoires. Hoogwaardige, betrouwbare componenten voor elektrische fietsen. Snelle verzending en kwaliteit gegarandeerd.",Découvrez les meilleurs produits MAKITA sur AliExpress grâce à nos liens d'affiliation. Offres exclusives et prix compétitifs.,,,,,,,,,,,,,,,,,,,,,,,,,,,,,,,,,,,,,,,,,,,,,,,,,,,
homepage.hero.title,Titre principal de la page d'accueil (hero),Discover the Best Products of BAFANG,Ontdek de beste producten van BAFANG,Découvrez les meilleurs produits MAKITA,,,,,,,,,,,,,,,,,,,,,,,,,,,,,,,,,,,,,,,,,,,,,,,,,,,
homepage.hero.subtitle,Sous-titre de la page d'accueil (hero),Exclusive offers and competitive prices for all your needs,Exclusieve aanbiedingen en concurrerende prijzen voor al uw behoeften,Des offres exclusives et des prix compétitifs pour tous vos besoins,,,,,,,,,,,,,,,,,,,,,,,,,,,,,,,,,,,,,,,,,,,,,,,,,,,
homepage.hero.button,Texte du bouton hero,View Products,Producten bekijken,Voir les produits,,,,,,,,,,,,,,,,,,,,,,,,,,,,,,,,,,,,,,,,,,,,,,,,,,,
homepage.hero.button.url,URL du lien du bouton hero,https://www.aliexpress.com/store/1103590012?spm=a2g0o.detail.0.0.133b4nTV4nTVgS&sortType=bestmatch_sort,https://www.aliexpress.com/store/1103590012?spm=a2g0o.detail.0.0.133b4nTV4nTVgS&sortType=bestmatch_sort,https://www.aliexpress.com/store/1104758161/pages/all-items.html?spm=a2g0o.store_pc_home.pcShopHead_2012153514384.99&sortType=bestmatch_sort&shop_sortType=bestmatch_sort,,,,,,,,,,,,,,,,,,,,,,,,,,,,,,,,,,,,,,,,,,,,,,,,,,,
,,,#VALUE!,,,,,,,,,,,,,,,,,,,,,,,,,,,,,,,,,,,,,,,,,,,,,,,,,,,,
,,,#VALUE!,,,,,,,,,,,,,,,,,,,,,,,,,,,,,,,,,,,,,,,,,,,,,,,,,,,,
,,,#VALUE!,,,,,,,,,,,,,,,,,,,,,,,,,,,,,,,,,,,,,,,,,,,,,,,,,,,,
,,,#VALUE!,,,,,,,,,,,,,,,,,,,,,,,,,,,,,,,,,,,,,,,,,,,,,,,,,,,,
,,,#VALUE!,,,,,,,,,,,,,,,,,,,,,,,,,,,,,,,,,,,,,,,,,,,,,,,,,,,,
,,,#VALUE!,,,,,,,,,,,,,,,,,,,,,,,,,,,,,,,,,,,,,,,,,,,,,,,,,,,,
,,,#VALUE!,,,,,,,,,,,,,,,,,,,,,,,,,,,,,,,,,,,,,,,,,,,,,,,,,,,,
,,,#VALUE!,,,,,,,,,,,,,,,,,,,,,,,,,,,,,,,,,,,,,,,,,,,,,,,,,,,,
,,,#VALUE!,,,,,,,,,,,,,,,,,,,,,,,,,,,,,,,,,,,,,,,,,,,,,,,,,,,,
,,,#VALUE!,,,,,,,,,,,,,,,,,,,,,,,,,,,,,,,,,,,,,,,,,,,,,,,,,,,,
,,,#VALUE!,,,,,,,,,,,,,,,,,,,,,,,,,,,,,,,,,,,,,,,,,,,,,,,,,,,,
,,,#VALUE!,,,,,,,,,,,,,,,,,,,,,,,,,,,,,,,,,,,,,,,,,,,,,,,,,,,,
,,,#VALUE!,,,,,,,,,,,,,,,,,,,,,,,,,,,,,,,,,,,,,,,,,,,,,,,,,,,,
,,,#VALUE!,,,,,,,,,,,,,,,,,,,,,,,,,,,,,,,,,,,,,,,,,,,,,,,,,,,,
,,,#VALUE!,,,,,,,,,,,,,,,,,,,,,,,,,,,,,,,,,,,,,,,,,,,,,,,,,,,,
,,,#VALUE!,,,,,,,,,,,,,,,,,,,,,,,,,,,,,,,,,,,,,,,,,,,,,,,,,,,,
,,,#VALUE!,,,,,,,,,,,,,,,,,,,,,,,,,,,,,,,,,,,,,,,,,,,,,,,,,,,,
,,,#VALUE!,,,,,,,,,,,,,,,,,,,,,,,,,,,,,,,,,,,,,,,,,,,,,,,,,,,,
,,,#VALUE!,,,,,,,,,,,,,,,,,,,,,,,,,,,,,,,,,,,,,,,,,,,,,,,,,,,,
,,,#VALUE!,,,,,,,,,,,,,,,,,,,,,,,,,,,,,,,,,,,,,,,,,,,,,,,,,,,,
,presentation,,#VALUE!,,,,,,,,,,,,,,,,,,,,,,,,,,,,,,,,,,,,,,,,,,,,,,,,,,,,
,,,#VALUE!,,,,,,,,,,,,,,,,,,,,,,,,,,,,,,,,,,,,,,,,,,,,,,,,,,,,
homepage.presentation.title,Titre de la section présentation marque,About BAFANG,Over BAFANG,À propos de MAKITA,,,,,,,,,,,,,,,,,,,,,,,,,,,,,,,,,,,,,,,,,,,,,,,,,,,
homepage.presentation.content,Contenu de la section présentation marque,"Bafang is a global leader in e-mobility solutions, specializing in high-performance electric bike systems. Founded in 2003, the company designs and manufactures motors, batteries, controllers, and complete drive systems trusted by brands worldwide. With a strong commitment to innovation, quality, and riding comfort, Bafang delivers reliable technology for commuters, adventurers, and e-bike manufacturers. Its products combine efficiency, durability, and smooth power delivery to enhance every cycling experience.","Bafang is een wereldleider in e-mobiliteitsoplossingen en is gespecialiseerd in hoogwaardige elektrische fietssystemen. Het bedrijf, opgericht in 2003, ontwerpt en produceert motoren, accu's, controllers en complete aandrijfsystemen waar merken wereldwijd op vertrouwen. Met een sterke toewijding aan innovatie, kwaliteit en rijcomfort levert Bafang betrouwbare technologie voor forenzen, avonturiers en e-bikefabrikanten. De producten combineren efficiëntie, duurzaamheid en soepele vermogensafgifte om elke fietservaring te verbeteren.","Makita est une marque japonaise leader dans le secteur mondial de l'outillage électroportatif, reconnue pour son innovation, sa robustesse et ses performances professionnelles exceptionnelles. Fondée au Japon il y a plus d'un siècle, Makita s'est forgée une solide réputation en créant des outils alliant technologie de pointe, confort ergonomique et fiabilité hors pair. Sa vaste gamme comprend des perceuses, des meuleuses d'angle, des scies, des batteries et des accessoires conçus pour les professionnels et les bricoleurs exigeants. Chaque outil Makita est conçu pour offrir puissance, précision et une efficacité durable, garantissant des résultats optimaux sur tous les chantiers. En mettant l'accent sur la sécurité, le confort d'utilisation et la productivité, Makita demeure un partenaire de confiance pour la construction, la rénovation, le travail du bois et les applications industrielles dans le monde entier.",,,,,,,,,,,,,,,,,,,,,,,,,,,,,,,,,,,,,,,,,,,,,,,,,,,
,,,#VALUE!,,,,,,,,,,,,,,,,,,,,,,,,,,,,,,,,,,,,,,,,,,,,,,,,,,,,
,,,#VALUE!,,,,,,,,,,,,,,,,,,,,,,,,,,,,,,,,,,,,,,,,,,,,,,,,,,,,
,,,#VALUE!,,,,,,,,,,,,,,,,,,,,,,,,,,,,,,,,,,,,,,,,,,,,,,,,,,,,
,,,#VALUE!,,,,,,,,,,,,,,,,,,,,,,,,,,,,,,,,,,,,,,,,,,,,,,,,,,,,
,,,#VALUE!,,,,,,,,,,,,,,,,,,,,,,,,,,,,,,,,,,,,,,,,,,,,,,,,,,,,
,,,#VALUE!,,,,,,,,,,,,,,,,,,,,,,,,,,,,,,,,,,,,,,,,,,,,,,,,,,,,
homepage.advantages.title,Titre de la section avantages,</section>,</sectie>,Pourquoi nous choisir ?,,,,,,,,,,,,,,,,,,,,,,,,,,,,,,,,,,,,,,,,,,,,,,,,,,,
homepage.advantages.factory_price.title,Titre avantage: Prix Direct Usine,Factory Direct Price,Directe fabrieksprijs,Prix ​​direct usine,,,,,,,,,,,,,,,,,,,,,,,,,,,,,,,,,,,,,,,,,,,,,,,,,,,
homepage.advantages.factory_price.description,Description avantage: Prix Direct Usine,Benefit from factory-direct pricing without intermediaries.,Profiteer van fabrieksprijzen zonder tussenpersonen.,"Bénéficiez de prix directs d'usine, sans intermédiaires.",,,,,,,,,,,,,,,,,,,,,,,,,,,,,,,,,,,,,,,,,,,,,,,,,,,
homepage.advantages.worldwide_shipping.title,Titre avantage: Livraison Mondiale,Worldwide Delivery,Wereldwijde levering,Livraison internationale,,,,,,,,,,,,,,,,,,,,,,,,,,,,,,,,,,,,,,,,,,,,,,,,,,,
homepage.advantages.worldwide_shipping.description,Description avantage: Livraison Mondiale,Worldwide delivery for all your needs,Wereldwijde levering voor al uw behoeften,Livraison dans le monde entier pour tous vos besoins,,,,,,,,,,,,,,,,,,,,,,,,,,,,,,,,,,,,,,,,,,,,,,,,,,,
homepage.advantages.customer_service.title,Titre avantage: Service Après-Vente Réactif,Responsive After-Sales Service,Responsieve aftersalesservice,Service après-vente réactif,,,,,,,,,,,,,,,,,,,,,,,,,,,,,,,,,,,,,,,,,,,,,,,,,,,
homepage.advantages.customer_service.description,Description avantage: Service Après-Vente Réactif,A responsive and available after-sales service to assist you,Een responsieve en beschikbare aftersales-service om u te helpen,Un service après-vente réactif et disponible pour vous assister,,,,,,,,,,,,,,,,,,,,,,,,,,,,,,,,,,,,,,,,,,,,,,,,,,,
homepage.advantages.secure_payment.title,Titre avantage: Paiement Sécurisé,Secure Payment,Veilige betaling,Paiement sécurisé,,,,,,,,,,,,,,,,,,,,,,,,,,,,,,,,,,,,,,,,,,,,,,,,,,,
homepage.advantages.secure_payment.description,Description avantage: Paiement Sécurisé,Secure payment by credit card with maximum protection,Veilig betalen met creditcard met maximale bescherming,Paiement sécurisé par carte bancaire avec protection maximale,,,,,,,,,,,,,,,,,,,,,,,,,,,,,,,,,,,,,,,,,,,,,,,,,,,
homepage.faq.title,Titre de la section FAQ,Frequently Asked Questions,Veelgestelde vragen,Foire aux questions,,,,,,,,,,,,,,,,,,,,,,,,,,,,,,,,,,,,,,,,,,,,,,,,,,,
homepage.categories.title,Titre de la section catégories,Our Categories,Onze categorieën,Nos catégories,,,,,,,,,,,,,,,,,,,,,,,,,,,,,,,,,,,,,,,,,,,,,,,,,,,
homepage.testimonials.title,Titre de la section témoignages,Customer Reviews,Klantbeoordelingen,Avis clients,,,,,,,,,,,,,,,,,,,,,,,,,,,,,,,,,,,,,,,,,,,,,,,,,,,
homepage.stats.title,Titre de la section statistiques,Our Key Figures,Onze kerncijfers,Nos chiffres clés,,,,,,,,,,,,,,,,,,,,,,,,,,,,,,,,,,,,,,,,,,,,,,,,,,,
homepage.stats.products.number,Nombre de produits,420+,420+,1120+,,,,,,,,,,,,,,,,,,,,,,,,,,,,,,,,,,,,,,,,,,,,,,,,,,,
homepage.stats.products.label,Label produits,Products Available,Beschikbare producten,Produits disponibles,,,,,,,,,,,,,,,,,,,,,,,,,,,,,,,,,,,,,,,,,,,,,,,,,,,
homepage.stats.countries.number,Nombre de pays,100+,100+,110+,,,,,,,,,,,,,,,,,,,,,,,,,,,,,,,,,,,,,,,,,,,,,,,,,,,
homepage.stats.countries.label,Label pays,Country of Delivery,Land van levering,Pays de livraison,,,,,,,,,,,,,,,,,,,,,,,,,,,,,,,,,,,,,,,,,,,,,,,,,,,
homepage.stats.satisfaction.number,Taux de satisfaction,98%,98%,98%,,,,,,,,,,,,,,,,,,,,,,,,,,,,,,,,,,,,,,,,,,,,,,,,,,,
homepage.stats.satisfaction.label,Label satisfaction,Customer Satisfaction,Klanttevredenheid,Satisfaction client,,,,,,,,,,,,,,,,,,,,,,,,,,,,,,,,,,,,,,,,,,,,,,,,,,,
homepage.stats.support.number,Support client,24/7,24/7,24h/24 et 7j/7,,,,,,,,,,,,,,,,,,,,,,,,,,,,,,,,,,,,,,,,,,,,,,,,,,,
homepage.stats.support.label,Label support,Customer Service,Klantenservice,Service client,,,,,,,,,,,,,,,,,,,,,,,,,,,,,,,,,,,,,,,,,,,,,,,,,,,
homepage.testimonials.1.name,Nom du témoignage 1,David K.,David K.,David K.,,,,,,,,,,,,,,,,,,,,,,,,,,,,,,,,,,,,,,,,,,,,,,,,,,,
homepage.testimonials.1.text,Texte du témoignage 1,"Excellent service! I ordered a Bafang BBS02 mid-drive motor and I am very satisfied. The quality is excellent, the delivery was fast and the packaging was neat. The motor performs exactly as described and has transformed my bike into a powerful e-bike. I recommend without hesitation.","Uitstekende service! Ik heb een Bafang BBS02 middenmotor besteld en ben zeer tevreden. De kwaliteit is uitstekend, de levering was snel en de verpakking was netjes. De motor presteert precies zoals beschreven en heeft mijn fiets omgetoverd tot een krachtige e-bike. Ik raad hem zonder aarzeling aan.","Service impeccable ! J'ai commandé un moteur Bafang BBS02 et j'en suis très satisfait. La qualité est excellente, la livraison a été rapide et l'emballage soigné. Le moteur fonctionne parfaitement et a transformé mon vélo en un vélo électrique puissant. Je le recommande sans hésiter.",,,,,,,,,,,,,,,,,,,,,,,,,,,,,,,,,,,,,,,,,,,,,,,,,,,
homepage.testimonials.2.name,Nom du témoignage 2,Sarah M.,Sara M.,Sarah M.,,,,,,,,,,,,,,,,,,,,,,,,,,,,,,,,,,,,,,,,,,,,,,,,,,,
homepage.testimonials.2.text,Texte du témoignage 2,"Excellent value for money. I bought a Bafang 48V battery and everything matches the description. The battery is powerful, durable, and provides excellent range. Delivery was on time and the product exceeded my expectations.","Uitstekende prijs-kwaliteitverhouding. Ik heb een Bafang 48V accu gekocht en alles komt overeen met de beschrijving. De accu is krachtig, duurzaam en biedt een uitstekend bereik. De levering was op tijd en het product overtrof mijn verwachtingen.","Excellent rapport qualité-prix. J'ai acheté une batterie Bafang 48V et elle correspond parfaitement à la description. La batterie est puissante, robuste et offre une excellente autonomie. La livraison a été effectuée dans les délais et le produit a dépassé mes attentes.",,,,,,,,,,,,,,,,,,,,,,,,,,,,,,,,,,,,,,,,,,,,,,,,,,,
homepage.testimonials.3.name,Nom du témoignage 3,Michael R.,Michaël R.,Michael R.,,,,,,,,,,,,,,,,,,,,,,,,,,,,,,,,,,,,,,,,,,,,,,,,,,,
homepage.testimonials.3.text,Texte du témoignage 3,"Perfect! I ordered several Bafang components to build my e-bike. All the products are of very good quality, the prices are competitive, and the delivery went smoothly. The components are professional-grade and have significantly improved my cycling experience. I will be back!","Perfect! Ik heb verschillende Bafang-onderdelen besteld om mijn e-bike te bouwen. Alle producten zijn van zeer goede kwaliteit, de prijzen zijn concurrerend en de levering verliep soepel. De onderdelen zijn van professionele kwaliteit en hebben mijn fietservaring aanzienlijk verbeterd. Ik kom zeker terug!","Parfait ! J'ai commandé plusieurs composants Bafang pour construire mon vélo électrique. Tous les produits sont d'excellente qualité, les prix sont compétitifs et la livraison s'est déroulée sans problème. Les composants sont de qualité professionnelle et ont considérablement amélioré mon expérience de cyclisme. Je repasserai commande !",,,,,,,,,,,,,,,,,,,,,,,,,,,,,,,,,,,,,,,,,,,,,,,,,,,
homepage.testimonials.4.name,Nom du témoignage 4,Emma T.,Emma T.,Emma T.,,,,,,,,,,,,,,,,,,,,,,,,,,,,,,,,,,,,,,,,,,,,,,,,,,,
homepage.testimonials.4.text,Texte du témoignage 4,Responsive customer service and quality products. I had a quick question about Bafang motor compatibility and received a prompt reply. The components perfectly match the photos and descriptions. The build quality is outstanding and they perform exactly as expected. Very satisfied with my purchase!,Snelle klantenservice en kwaliteitsproducten. Ik had een korte vraag over de compatibiliteit van Bafang-motoren en kreeg snel antwoord. De componenten komen perfect overeen met de foto's en beschrijvingen. De bouwkwaliteit is uitstekend en ze presteren precies zoals verwacht. Zeer tevreden met mijn aankoop!,Service client réactif et produits de qualité. J'avais une question rapide concernant la compatibilité d'un moteur Bafang et j'ai reçu une réponse immédiate. Les composants correspondent parfaitement aux photos et aux descriptions. Leur qualité de fabrication est exceptionnelle et ils fonctionnent exactement comme prévu. Je suis très satisfaite de mon achat !,,,,,,,,,,,,,,,,,,,,,,,,,,,,,,,,,,,,,,,,,,,,,,,,,,,
,,,#VALUE!,,,,,,,,,,,,,,,,,,,,,,,,,,,,,,,,,,,,,,,,,,,,,,,,,,,,
,,,#VALUE!,,,,,,,,,,,,,,,,,,,,,,,,,,,,,,,,,,,,,,,,,,,,,,,,,,,,
,,,#VALUE!,,,,,,,,,,,,,,,,,,,,,,,,,,,,,,,,,,,,,,,,,,,,,,,,,,,,
,,,#VALUE!,,,,,,,,,,,,,,,,,,,,,,,,,,,,,,,,,,,,,,,,,,,,,,,,,,,,
,FAQ,,#VALUE!,,,,,,,,,,,,,,,,,,,,,,,,,,,,,,,,,,,,,,,,,,,,,,,,,,,,
homepage.faq.1.question,Question FAQ 1,What are the delivery times?,Wat zijn de levertijden?,Quels sont les délais de livraison ?,,,,,,,,,,,,,,,,,,,,,,,,,,,,,,,,,,,,,,,,,,,,,,,,,,,
homepage.faq.1.answer,Réponse FAQ 1,"Delivery times vary depending on your location and the seller. Generally, standard delivery takes between 15 and 30 business days. Some sellers offer express delivery (7-15 days) for an additional fee. You can check the exact delivery times on each AliExpress product page before placing your order.",De levertijden variëren afhankelijk van uw locatie en de verkoper. Standaardlevering duurt over het algemeen 15 tot 30 werkdagen. Sommige verkopers bieden expreslevering (7-15 dagen) aan tegen een meerprijs. U kunt de exacte levertijden op elke AliExpress-productpagina bekijken voordat u uw bestelling plaatst.,"Les délais de livraison varient selon votre lieu de résidence et le vendeur. En général, la livraison standard prend entre 15 et 30 jours ouvrables. Certains vendeurs proposent une livraison express (7 à 15 jours) moyennant un supplément. Vous pouvez consulter les délais de livraison exacts sur chaque page produit AliExpress avant de passer votre commande.",,,,,,,,,,,,,,,,,,,,,,,,,,,,,,,,,,,,,,,,,,,,,,,,,,,
homepage.faq.2.question,Question FAQ 2,What payment methods are accepted?,Welke betaalmethoden worden geaccepteerd?,Quels sont les modes de paiement acceptés ?,,,,,,,,,,,,,,,,,,,,,,,,,,,,,,,,,,,,,,,,,,,,,,,,,,,
homepage.faq.2.answer,Réponse FAQ 2,"AliExpress accepts several secure payment methods: credit cards (Visa, Mastercard), PayPal, bank transfer, and other methods depending on your country. All payments are secure and protected by AliExpress's Buyer Protection system. You will only be charged once your order has shipped.","AliExpress accepteert verschillende veilige betaalmethoden: creditcards (Visa, Mastercard), PayPal, bankoverschrijving en andere methoden, afhankelijk van uw land. Alle betalingen zijn veilig en beschermd door AliExpress's kopersbeschermingssysteem. U wordt pas gefactureerd zodra uw bestelling is verzonden.","AliExpress accepte plusieurs modes de paiement sécurisés : cartes bancaires (Visa, Mastercard), PayPal, virement bancaire et autres méthodes selon votre pays. Tous les paiements sont sécurisés et protégés par le système de protection des acheteurs d’AliExpress. Vous ne serez débité qu’une fois votre commande expédiée.",,,,,,,,,,,,,,,,,,,,,,,,,,,,,,,,,,,,,,,,,,,,,,,,,,,
homepage.faq.3.question,Question FAQ 3,Is there a warranty on the products?,Zit er garantie op de producten?,Les produits sont-ils garantis ?,,,,,,,,,,,,,,,,,,,,,,,,,,,,,,,,,,,,,,,,,,,,,,,,,,,
homepage.faq.3.answer,Réponse FAQ 3,"Yes, all products sold on AliExpress are covered by the AliExpress Buyer Guarantee. This guarantee covers defective products, products that do not match the description, or products that were not received. You generally have 15 days after receipt to open a dispute if necessary. In addition, many sellers offer their own extended warranties (6 months, 1 year, etc.), which you can find on the product page.","Ja, alle producten die op AliExpress worden verkocht, vallen onder de AliExpress Kopersgarantie. Deze garantie geldt voor defecte producten, producten die niet aan de beschrijving voldoen of producten die niet zijn ontvangen. U heeft over het algemeen 15 dagen na ontvangst de tijd om indien nodig een geschil te openen. Daarnaast bieden veel verkopers hun eigen uitgebreide garanties aan (6 maanden, 1 jaar, enz.), die u op de productpagina kunt vinden.","Oui, tous les produits vendus sur AliExpress sont couverts par la Garantie Acheteur AliExpress. Cette garantie couvre les produits défectueux, les produits non conformes à la description ou les produits non reçus. Vous disposez généralement de 15 jours après réception pour ouvrir un litige si nécessaire. De plus, de nombreux vendeurs proposent leurs propres extensions de garantie (6 mois, 1 an, etc.), que vous trouverez sur la page du produit.",,,,,,,,,,,,,,,,,,,,,,,,,,,,,,,,,,,,,,,,,,,,,,,,,,,
homepage.faq.4.question,Question FAQ 4,What should I do if there's a problem with my order?,Wat moet ik doen als er een probleem is met mijn bestelling?,Que dois-je faire en cas de problème avec ma commande ?,,,,,,,,,,,,,,,,,,,,,,,,,,,,,,,,,,,,,,,,,,,,,,,,,,,
homepage.faq.4.answer,Réponse FAQ 4,"If you encounter a problem (defective product, not received, non-compliant), you can open a dispute directly from your AliExpress account in the ""My Orders"" section. AliExpress customer service will assist you in resolving the issue. Most disputes are resolved quickly, often in your favor if you provide the necessary evidence (photos, description of the problem).","Als u een probleem ondervindt (een defect product, niet ontvangen, niet-conform product), kunt u rechtstreeks vanuit uw AliExpress-account een geschil openen in het gedeelte 'Mijn bestellingen'. De klantenservice van AliExpress helpt u bij het oplossen van het probleem. De meeste geschillen worden snel opgelost, vaak in uw voordeel, mits u de nodige bewijsstukken aanlevert (foto's, beschrijving van het probleem).","En cas de problème (produit défectueux, non reçu, non conforme), vous pouvez ouvrir un litige directement depuis votre compte AliExpress, dans la section « Mes commandes ». Le service client d'AliExpress vous aidera à résoudre le problème. La plupart des litiges sont résolus rapidement, souvent en votre faveur si vous fournissez les preuves nécessaires (photos, description du problème).",,,,,,,,,,,,,,,,,,,,,,,,,,,,,,,,,,,,,,,,,,,,,,,,,,,
homepage.faq.5.question,Question FAQ 5,Are the products authentic and of good quality?,Zijn de producten authentiek en van goede kwaliteit?,Les produits sont-ils authentiques et de bonne qualité ?,,,,,,,,,,,,,,,,,,,,,,,,,,,,,,,,,,,,,,,,,,,,,,,,,,,
homepage.faq.5.answer,Réponse FAQ 5,"We select only quality products from verified and positively rated sellers on AliExpress. Each product displays customer reviews and ratings, allowing you to check the quality before purchasing. We recommend reading reviews and checking photos shared by customers to ensure the product meets your expectations.","We selecteren uitsluitend kwaliteitsproducten van geverifieerde en positief beoordeelde verkopers op AliExpress. Elk product wordt weergegeven met klantrecensies en beoordelingen, zodat u de kwaliteit kunt controleren voordat u koopt. We raden u aan om recensies te lezen en foto's van klanten te bekijken om er zeker van te zijn dat het product aan uw verwachtingen voldoet.","Nous sélectionnons uniquement des produits de qualité provenant de vendeurs vérifiés et bien notés sur AliExpress. Chaque produit affiche les avis et les notes des clients, vous permettant ainsi de vérifier sa qualité avant l'achat. Nous vous recommandons de lire les avis et de consulter les photos partagées par les clients afin de vous assurer que le produit correspond à vos attentes.",,,,,,,,,,,,,,,,,,,,,,,,,,,,,,,,,,,,,,,,,,,,,,,,,,,
homepage.bestsellers.title,Titre de la section Best Sellers,Best Sellers,Bestsellers,Meilleures ventes,,,,,,,,,,,,,,,,,,,,,,,,,,,,,,,,,,,,,,,,,,,,,,,,,,,
button.view_products,"Texte bouton ""Voir les Produits""",View Products,Producten bekijken,Voir les produits,,,,,,,,,,,,,,,,,,,,,,,,,,,,,,,,,,,,,,,,,,,,,,,,,,,
button.view_on_aliexpress,"Texte bouton ""Voir sur AliExpress""",View on AliExpress,Bekijk op AliExpress,Voir sur AliExpress,,,,,,,,,,,,,,,,,,,,,,,,,,,,,,,,,,,,,,,,,,,,,,,,,,,
button.discover_reviews,"Texte bouton ""Découvrez les X avis""",Discover the,Ontdek de,Découvrez le,,,,,,,,,,,,,,,,,,,,,,,,,,,,,,,,,,,,,,,,,,,,,,,,,,,
button.positive_reviews,"Texte ""avis positifs sur AliExpress""",Positive reviews on AliExpress,Positieve recensies op AliExpress,Avis positifs sur AliExpress,,,,,,,,,,,,,,,,,,,,,,,,,,,,,,,,,,,,,,,,,,,,,,,,,,,
