key,description,en,pt_auto,fr_auto,,,,,,,,,,,,,,,,,,,,,,,,,,,,,,,,,,,,,,,,,,,,,,,,,,,
,,,#VALUE!,,,,,,,,,,,,,,,,,,,,,,,,,,,,,,,,,,,,,,,,,,,,,,,,,,,,
,menu,,#VALUE!,,,,,,,,,,,,,,,,,,,,,,,,,,,,,,,,,,,,,,,,,,,,,,,,,,,,
home.en,,Home,Lar,Accueil,,,,,,,,,,,,,,,,,,,,,,,,,,,,,,,,,,,,,,,,,,,,,,,,,,,
menu.1,,Catalog,Catálogo,Perceuse,,,,,,,,,,,,,,,,,,,,,,,,,,,,,,,,,,,,,,,,,,,,,,,,,,,
,,,#VALUE!,Meuleuse d'angle,,,,,,,,,,,,,,,,,,,,,,,,,,,,,,,,,,,,,,,,,,,,,,,,,,,
,,,#VALUE!,Batterie au lithium,,,,,,,,,,,,,,,,,,,,,,,,,,,,,,,,,,,,,,,,,,,,,,,,,,,
,,,#VALUE!,Autre,,,,,,,,,,,,,,,,,,,,,,,,,,,,,,,,,,,,,,,,,,,,,,,,,,,
,,,#VALUE!,Accessoires,,,,,,,,,,,,,,,,,,,,,,,,,,,,,,,,,,,,,,,,,,,,,,,,,,,
,,,#VALUE!,,,,,,,,,,,,,,,,,,,,,,,,,,,,,,,,,,,,,,,,,,,,,,,,,,,,
,,,#VALUE!,,,,,,,,,,,,,,,,,,,,,,,,,,,,,,,,,,,,,,,,,,,,,,,,,,,,
descripton.1,,"Discover the Full Bafang Catalog
Explore our complete selection of Bafang products, a global leader in electric mobility solutions. From high-performance mid-drive motors and hub motors to advanced batteries, displays, sensors, and accessories, our catalog brings together everything you need to upgrade, repair, or build your e-bike with trusted Bafang quality.
Whether you’re a commuter, mountain biker, DIY builder, or professional installer, Bafang offers reliable, efficient, and durable components designed for smooth power delivery and an exceptional riding experience. Browse the entire collection and find the perfect parts to boost performance, enhance comfort, and enjoy the freedom of electric cycling.
","Descubra o Catálogo Completo da Bafang
Explore nossa seleção completa de produtos Bafang, líder global em soluções de mobilidade elétrica. De motores centrais e motores de cubo de alto desempenho a baterias avançadas, displays, sensores e acessórios, nosso catálogo reúne tudo o que você precisa para atualizar, reparar ou montar sua bicicleta elétrica com a qualidade Bafang.

Seja você um ciclista urbano, um ciclista de montanha, um entusiasta do faça-você-mesmo ou um instalador profissional, a Bafang oferece componentes confiáveis, eficientes e duráveis, projetados para uma entrega de potência suave e uma experiência de pilotagem excepcional. Navegue por toda a coleção e encontre as peças perfeitas para aumentar o desempenho, melhorar o conforto e desfrutar da liberdade do ciclismo elétrico.
","Les perceuses Makita offrent une puissance, une précision et une durabilité exceptionnelles, aussi bien pour les professionnels que pour les bricoleurs. Dotées de moteurs sans balais de pointe, de poignées ergonomiques et de batteries longue durée, elles garantissent un perçage efficace du bois, du métal et de la maçonnerie. Que ce soit pour la construction, la rénovation ou les travaux du quotidien, les perceuses Makita offrent fiabilité et confort d'utilisation, ce qui en fait des outils indispensables à toute boîte à outils.",,,,,,,,,,,,,,,,,,,,,,,,,,,,,,,,,,,,,,,,,,,,,,,,,,,
descripton.2,,"Explore our complete selection of Bafang products, a global leader in electric mobility solutions. From high-performance mid-drive motors and hub motors to advanced batteries, displays, sensors, and accessories, our catalog brings together everything you need to upgrade, repair, or build your e-bike with trusted Bafang quality.","Explore nossa seleção completa de produtos Bafang, líder global em soluções de mobilidade elétrica. De motores centrais e motores de cubo de alto desempenho a baterias avançadas, displays, sensores e acessórios, nosso catálogo reúne tudo o que você precisa para atualizar, reparar ou montar sua bicicleta elétrica com a qualidade Bafang.","Les meuleuses d'angle Makita sont conçues pour les travaux de découpe, de meulage et de polissage les plus exigeants. Dotées de moteurs haute performance, de systèmes de refroidissement optimisés et de dispositifs de sécurité tels que le démarrage progressif et la protection contre les surcharges, elles offrent un fonctionnement fluide et précis. Idéales pour la métallurgie, la construction et la fabrication, les meuleuses Makita garantissent une grande durabilité et la précision nécessaire pour travailler sans effort les matériaux les plus résistants.",,,,,,,,,,,,,,,,,,,,,,,,,,,,,,,,,,,,,,,,,,,,,,,,,,,
descripton.3,,"Whether you’re a commuter, mountain biker, DIY builder, or professional installer, Bafang offers reliable, efficient, and durable components designed for smooth power delivery and an exceptional riding experience. Browse the entire collection and find the perfect parts to boost performance, enhance comfort, and enjoy the freedom of electric cycling.","Seja você um ciclista urbano, um ciclista de montanha, um entusiasta do faça-você-mesmo ou um instalador profissional, a Bafang oferece componentes confiáveis, eficientes e duráveis, projetados para uma entrega de potência suave e uma experiência de pilotagem excepcional. Navegue por toda a coleção e encontre as peças perfeitas para impulsionar o desempenho, aumentar o conforto e desfrutar da liberdade do ciclismo elétrico.","Les batteries lithium Makita offrent une puissance exceptionnelle, une autonomie prolongée et une charge rapide pour garantir des performances optimales de tous vos outils. Dotées d'une technologie de protection avancée, elles préviennent la surchauffe et prolongent leur durée de vie. Légères et compatibles avec une large gamme d'outils sans fil Makita, ces batteries fournissent une énergie constante et une grande fiabilité, assurant une productivité continue sur tous vos chantiers.",,,,,,,,,,,,,,,,,,,,,,,,,,,,,,,,,,,,,,,,,,,,,,,,,,,
descripton.4,,"Makita’s additional tools and accessories include saws, sanders, blowers, chargers, and more—each designed with the same commitment to innovation and durability. These products enhance productivity and provide versatile solutions for construction, woodworking, and maintenance tasks. With reliable performance and ergonomic designs, Makita’s accessory range completes any professional or home workshop.","As ferramentas e acessórios adicionais da Makita incluem serras, lixadeiras, sopradores, carregadores e muito mais — cada um projetado com o mesmo compromisso com a inovação e a durabilidade. Esses produtos aumentam a produtividade e oferecem soluções versáteis para tarefas de construção, marcenaria e manutenção. Com desempenho confiável e design ergonômico, a linha de acessórios da Makita completa qualquer oficina profissional ou doméstica.","La gamme d'outils et d'accessoires Makita comprend des scies, des ponceuses, des souffleurs, des chargeurs et bien plus encore, tous conçus avec le même souci d'innovation et de durabilité. Ces produits optimisent la productivité et offrent des solutions polyvalentes pour les travaux de construction, de menuiserie et d'entretien. Grâce à leurs performances fiables et à leur conception ergonomique, les accessoires Makita complètent parfaitement tout atelier, professionnel ou amateur.",,,,,,,,,,,,,,,,,,,,,,,,,,,,,,,,,,,,,,,,,,,,,,,,,,,
descripton.5,,test description 5,descrição do teste 5,,,,,,,,,,,,,,,,,,,,,,,,,,,,,,,,,,,,,,,,,,,,,,,,,,,,
,,,#VALUE!,,,,,,,,,,,,,,,,,,,,,,,,,,,,,,,,,,,,,,,,,,,,,,,,,,,,
,,,#VALUE!,,,,,,,,,,,,,,,,,,,,,,,,,,,,,,,,,,,,,,,,,,,,,,,,,,,,
meta.title.menu.1,,"Bafang Catalog – Motors, Batteries & E-Bike Parts","Catálogo Bafang – Motores, Baterias e Peças para Bicicletas Elétricas",Perceuses Makita – Outils sans fil puissants et fiables,,,,,,,,,,,,,,,,,,,,,,,,,,,,,,,,,,,,,,,,,,,,,,,,,,,
meta.title.menu.2,,Makita Angle Grinders – Cutting & Grinding Performance,Esmerilhadeiras angulares Makita – Desempenho de corte e desbaste,Meuleuses d'angle Makita – Performances de coupe et de meulage,,,,,,,,,,,,,,,,,,,,,,,,,,,,,,,,,,,,,,,,,,,,,,,,,,,
meta.title.menu.3,,Makita Lithium Batteries – Long-Lasting Power,Baterias de lítio Makita – Energia de longa duração,Batteries au lithium Makita – Une puissance longue durée,,,,,,,,,,,,,,,,,,,,,,,,,,,,,,,,,,,,,,,,,,,,,,,,,,,
meta.title.menu.4,,Makita Tools & Accessories – Complete Your Kit,Ferramentas e acessórios Makita – Complete seu kit,Outils et accessoires Makita – Complétez votre kit,,,,,,,,,,,,,,,,,,,,,,,,,,,,,,,,,,,,,,,,,,,,,,,,,,,
meta.title.menu.5,,Bafang official store,Loja oficial da Bafang,,,,,,,,,,,,,,,,,,,,,,,,,,,,,,,,,,,,,,,,,,,,,,,,,,,,
,,,#VALUE!,,,,,,,,,,,,,,,,,,,,,,,,,,,,,,,,,,,,,,,,,,,,,,,,,,,,
,,,#VALUE!,,,,,,,,,,,,,,,,,,,,,,,,,,,,,,,,,,,,,,,,,,,,,,,,,,,,
meta.des.menu.1,,"Explore the full Bafang catalog: e-bike motors, batteries, displays, sensors, and accessories. Premium components for upgrades, repairs, and DIY electric bikes.","Explore o catálogo completo da Bafang: motores para bicicletas elétricas, baterias, displays, sensores e acessórios. Componentes premium para upgrades, reparos e projetos ""faça você mesmo"" de bicicletas elétricas.","Découvrez les perceuses Makita, conçues pour la précision, la puissance et la durabilité. Idéales pour les professionnels et les bricoleurs, elles sont équipées de moteurs sans balais et de batteries longue durée.",,,,,,,,,,,,,,,,,,,,,,,,,,,,,,,,,,,,,,,,,,,,,,,,,,,
meta.des.menu.2,,"Discover Makita angle grinders designed for tough cutting and grinding tasks. High performance, safety features, and long-lasting durability.","Descubra as esmerilhadeiras angulares Makita, projetadas para tarefas de corte e desbaste exigentes. Alto desempenho, recursos de segurança e durabilidade excepcional.","Découvrez les meuleuses d'angle Makita, conçues pour les travaux de découpe et de meulage les plus exigeants. Haute performance, sécurité renforcée et grande durabilité.",,,,,,,,,,,,,,,,,,,,,,,,,,,,,,,,,,,,,,,,,,,,,,,,,,,
meta.des.menu.3,,"Find Makita lithium batteries offering extended runtime, fast charging, and reliability. Compatible with a wide range of Makita tools.","Encontre baterias de lítio Makita que oferecem maior autonomia, carregamento rápido e confiabilidade. Compatíveis com uma ampla gama de ferramentas Makita.","Découvrez les batteries lithium Makita offrant une autonomie prolongée, une charge rapide et une grande fiabilité. Compatibles avec une large gamme d'outils Makita.",,,,,,,,,,,,,,,,,,,,,,,,,,,,,,,,,,,,,,,,,,,,,,,,,,,
meta.des.menu.4,,"Explore Makita accessories including saws, sanders, chargers, and more. Durable, efficient tools to support every professional task.","Explore os acessórios Makita, incluindo serras, lixadeiras, carregadores e muito mais. Ferramentas duráveis ​​e eficientes para todas as tarefas profissionais.","Découvrez les accessoires Makita, notamment les scies, les ponceuses, les chargeurs et bien plus encore. Des outils robustes et performants pour vous accompagner dans toutes vos tâches professionnelles.",,,,,,,,,,,,,,,,,,,,,,,,,,,,,,,,,,,,,,,,,,,,,,,,,,,
meta.des.menu.5,,"Explore Bafang accessories including saws, sanders, chargers, and more. Durable, efficient tools to support every professional task.","Explore os acessórios Bafang, incluindo serras, lixadeiras, carregadores e muito mais. Ferramentas duráveis ​​e eficientes para todas as tarefas profissionais.",,,,,,,,,,,,,,,,,,,,,,,,,,,,,,,,,,,,,,,,,,,,,,,,,,,,
,,,#VALUE!,,,,,,,,,,,,,,,,,,,,,,,,,,,,,,,,,,,,,,,,,,,,,,,,,,,,
,,,#VALUE!,,,,,,,,,,,,,,,,,,,,,,,,,,,,,,,,,,,,,,,,,,,,,,,,,,,,
,,,#VALUE!,,,,,,,,,,,,,,,,,,,,,,,,,,,,,,,,,,,,,,,,,,,,,,,,,,,,
,,,#VALUE!,,,,,,,,,,,,,,,,,,,,,,,,,,,,,,,,,,,,,,,,,,,,,,,,,,,,
,Footer,,#VALUE!,,,,,,,,,,,,,,,,,,,,,,,,,,,,,,,,,,,,,,,,,,,,,,,,,,,,
,,,#VALUE!,,,,,,,,,,,,,,,,,,,,,,,,,,,,,,,,,,,,,,,,,,,,,,,,,,,,
footer.link.home,Lien footer Accueil,Home,Lar,Maison,,,,,,,,,,,,,,,,,,,,,,,,,,,,,,,,,,,,,,,,,,,,,,,,,,,
footer.link.sitemap,Lien footer Plan du site,Site map,Mapa do site,Plan du site,,,,,,,,,,,,,,,,,,,,,,,,,,,,,,,,,,,,,,,,,,,,,,,,,,,
footer.link.conditions,Lien footer Conditions,Terms of Use,Termos de Uso,Conditions d'utilisation,,,,,,,,,,,,,,,,,,,,,,,,,,,,,,,,,,,,,,,,,,,,,,,,,,,
footer.link.mentions,Lien footer Mentions légales,Legal notice,Aviso legal,Avis juridique,,,,,,,,,,,,,,,,,,,,,,,,,,,,,,,,,,,,,,,,,,,,,,,,,,,
footer.link.policy,Lien footer Politique,Privacy Policy,política de Privacidade,politique de confidentialité,,,,,,,,,,,,,,,,,,,,,,,,,,,,,,,,,,,,,,,,,,,,,,,,,,,
footer.link.aboutus,Lien footer about us,About us,Sobre nós,À propos de nous,,,,,,,,,,,,,,,,,,,,,,,,,,,,,,,,,,,,,,,,,,,,,,,,,,,
,,,#VALUE!,,,,,,,,,,,,,,,,,,,,,,,,,,,,,,,,,,,,,,,,,,,,,,,,,,,,
,,,#VALUE!,,,,,,,,,,,,,,,,,,,,,,,,,,,,,,,,,,,,,,,,,,,,,,,,,,,,
legal.conditions.title,Titre page Conditions d'utilisation,Terms of Use - AliExpress Affiliate Makita Program,Termos de Uso - Programa de Afiliados Makita do AliExpress,Conditions d'utilisation - Programme d'affiliation AliExpress Makita,,,,,,,,,,,,,,,,,,,,,,,,,,,,,,,,,,,,,,,,,,,,,,,,,,,
legal.mentions.title,Titre page Mentions légales,Legal Notice - AliExpress Affiliate Program,Aviso Legal - Programa de Afiliados do AliExpress,Mentions légales - Programme d'affiliation AliExpress,,,,,,,,,,,,,,,,,,,,,,,,,,,,,,,,,,,,,,,,,,,,,,,,,,,
legal.policy.title,Titre page Politique de confidentialité,Privacy Policy - AliExpress Affiliate Program,Política de Privacidade - Programa de Afiliados AliExpress,Politique de confidentialité - Programme d'affiliation AliExpress,,,,,,,,,,,,,,,,,,,,,,,,,,,,,,,,,,,,,,,,,,,,,,,,,,,
legal.aboutus.title,Titre page about us,About us – BAFANG,Sobre nós – BAFANG,À propos de nous – MAKITA,,,,,,,,,,,,,,,,,,,,,,,,,,,,,,,,,,,,,,,,,,,,,,,,,,,
,,,#VALUE!,,,,,,,,,,,,,,,,,,,,,,,,,,,,,,,,,,,,,,,,,,,,,,,,,,,,
legal.conditions.meta.description,Description SEO Conditions,AliExpress Affiliate Site Terms of Use,Termos de Uso do Site de Afiliados do AliExpress,Conditions d'utilisation du site affilié AliExpress,,,,,,,,,,,,,,,,,,,,,,,,,,,,,,,,,,,,,,,,,,,,,,,,,,,
legal.mentions.meta.description,Description SEO Mentions légales,Legal notices for the AliExpress affiliate website,Avisos legais para o site de afiliados do AliExpress,Mentions légales du site affilié AliExpress,,,,,,,,,,,,,,,,,,,,,,,,,,,,,,,,,,,,,,,,,,,,,,,,,,,
legal.policy.meta.description,Description SEO Politique,AliExpress Affiliate Site Privacy Policy,Política de Privacidade do Site de Afiliados do AliExpress,Politique de confidentialité du site affilié AliExpress,,,,,,,,,,,,,,,,,,,,,,,,,,,,,,,,,,,,,,,,,,,,,,,,,,,
legal.aboutus.meta.description,Description SEO About us,Learn about Makita: A global leader in professional power tools since 1915. Discover our LXT® cordless technology and durable tools for professionals.,Conheça a Makita: líder mundial em ferramentas elétricas profissionais desde 1915. Descubra nossa tecnologia sem fio LXT® e ferramentas duráveis ​​para profissionais.,Découvrez Makita : leader mondial des outils électroportatifs professionnels depuis 1915. Découvrez notre technologie sans fil LXT® et nos outils durables conçus pour les professionnels.,,,,,,,,,,,,,,,,,,,,,,,,,,,,,,,,,,,,,,,,,,,,,,,,,,,
,,,#VALUE!,,,,,,,,,,,,,,,,,,,,,,,,,,,,,,,,,,,,,,,,,,,,,,,,,,,,
legal.conditions.content,Contenu de la page conditions,"Terms of Use Last updated: 2024 1. Acceptance of Terms By accessing and using this website, you agree to be bound by these terms of use. If you do not agree to these terms, please do not use this site. 2. Description of Service This site is an affiliate site that provides links to products available on AliExpress. We do not sell the products directly, but earn a commission on sales made through our affiliate links. 3. Affiliate Links All links to AliExpress are affiliate links. By clicking on these links and making a purchase, we may receive a commission at no additional cost to you. 4. Liability We are not responsible for the quality, availability, or delivery of products sold on AliExpress. All disputes concerning products must be resolved directly with AliExpress or the seller. 5. Intellectual Property The content of this site, including text, images, and logos, is protected by intellectual property laws. Any unauthorized reproduction is prohibited. 6. Modifications We reserve the right to modify these terms of use at any time. Modifications will take effect immediately upon their posting on the website. 7. Contact For any questions regarding these terms of use, you can contact us at: contact@evanstudio.com","Termos de Uso Última atualização: 2024 1. Aceitação dos Termos Ao acessar e usar este site, você concorda em ficar vinculado a estes termos de uso. Se você não concordar com estes termos, por favor, não use este site. 2. Descrição do Serviço Este site é um site afiliado que fornece links para produtos disponíveis no AliExpress. Não vendemos os produtos diretamente, mas ganhamos uma comissão sobre as vendas realizadas através de nossos links afiliados. 3. Links Afiliados Todos os links para o AliExpress são links afiliados. Ao clicar nesses links e efetuar uma compra, podemos receber uma comissão sem nenhum custo adicional para você. 4. Responsabilidade Não nos responsabilizamos pela qualidade, disponibilidade ou entrega dos produtos vendidos no AliExpress. Todas as disputas relativas aos produtos devem ser resolvidas diretamente com o AliExpress ou o vendedor. 5. Propriedade Intelectual O conteúdo deste site, incluindo textos, imagens e logotipos, é protegido por leis de propriedade intelectual. Qualquer reprodução não autorizada é proibida. 6. Modificações Reservamo-nos o direito de modificar estes termos de uso a qualquer momento. As modificações entrarão em vigor imediatamente após sua publicação no site. 7. Contato Para quaisquer dúvidas sobre estes termos de uso, entre em contato conosco pelo endereço: contact@evanstudio.com","Conditions d'utilisation Dernière mise à jour : 2024 1. Acceptation des conditions En accédant à ce site Web et en l'utilisant, vous acceptez d'être lié par les présentes conditions d'utilisation. Si vous n'acceptez pas ces conditions, veuillez ne pas utiliser ce site. 2. Description du service Ce site est un site affilié qui fournit des liens vers des produits disponibles sur AliExpress. Nous ne vendons pas les produits directement, mais percevons une commission sur les ventes réalisées via nos liens d'affiliation. 3. Liens d'affiliation Tous les liens vers AliExpress sont des liens d'affiliation. En cliquant sur ces liens et en effectuant un achat, nous pouvons recevoir une commission sans frais supplémentaires pour vous. 4. Responsabilité Nous ne sommes pas responsables de la qualité, de la disponibilité ou de la livraison des produits vendus sur AliExpress. Tout litige concernant les produits doit être résolu directement avec AliExpress ou le vendeur. 5. Propriété intellectuelle Le contenu de ce site, y compris les textes, les images et les logos, est protégé par les lois sur la propriété intellectuelle. Toute reproduction non autorisée est interdite. 6. Modifications Nous nous réservons le droit de modifier les présentes conditions d'utilisation à tout moment. Les modifications entreront en vigueur immédiatement après leur publication sur le site Web. 7. Contact Pour toute question concernant les présentes conditions d'utilisation, vous pouvez nous contacter à l'adresse suivante : contact@evanstudio.com",,,,,,,,,,,,,,,,,,,,,,,,,,,,,,,,,,,,,,,,,,,,,,,,,,,
legal.mentions.content,Contenu de la page mentions,"<p>Last updated: 2024</p>

<h2>1. Website Publisher</h2>
<ul>
    <li>Company name: EVAN STUDIO CO.LTD</li>
    <li>Email: contact@evanstudio.net</li>
</ul>

<h2>2. Publication Director</h2>
<p>EVAN STUDIO CO.LTD (Director and Owner)</p>

<h2>3. Hosting</h2>
<ul>
    <li>Host: Cloudflare</li>
    <li>Address: 101 Townsend St, San Francisco, CA 94107, USA</li>
</ul>

<h2>4. Intellectual Property</h2>
<p>This entire website is governed by French and international legislation on copyright and intellectual property. All rights of reproduction are reserved, including for downloadable documents and iconographic and photographic representations. Reproduction of all or part of this website on any electronic medium whatsoever is strictly prohibited without the express authorization of the publication director.</p>

<h2>5. Protection of Personal Data</h2>
<p>In accordance with the French Data Protection Act of 6 January 1978, as amended, and the General Data Protection Regulation (GDPR), you have the right to access, rectify, erase, and object to the processing of your personal data. To exercise this right, you can contact us at: contact@alxgroup.com</p>

<h2>6. External Links</h2>
<p>This site contains links to external websites. We are not responsible for the content of these external websites or their privacy policies.</p>

<h2>7. Cookies</h2>
<p>This site may use cookies to improve the user experience. For more information, please see our <a href=""https://policies.google.com/privacy?hl=en-US"">Privacy Policy</a>.</p>

<h2>8. Contact</h2>
<p>For any questions regarding these legal notices, you can contact us at: contact@evanstudio.com</p>","<p>Última atualização: 2024</p>

<h2>1. Editor do site</h2>
<ul>

<li>Nome da empresa: EVAN STUDIO CO.LTD</li>

<li>E-mail: contact@evanstudio.net</li>
</ul>

<h2>2. Diretor de publicação</h2>
<p>EVAN STUDIO CO.LTD (Diretor e proprietário)</p>

<h2>3. Hospedagem</h2>
<ul>
<li>Hospedagem: Cloudflare</li>
<li>Endereço: 101 Townsend St, San Francisco, CA 94107, EUA</li>
</ul>

<h2>4. Propriedade intelectual</h2>
<p>Todo este site é regido pela legislação francesa e internacional sobre direitos autorais e propriedade intelectual. Todos os direitos de reprodução são reservados, inclusive para documentos para download e representações iconográficas e fotográficas.</p> A reprodução total ou parcial deste site em qualquer meio eletrônico é estritamente proibida sem a autorização expressa do diretor de publicação.</p>

<h2>5. Proteção de Dados Pessoais</h2>
<p>De acordo com a Lei Francesa de Proteção de Dados de 6 de janeiro de 1978, conforme alterada, e o Regulamento Geral de Proteção de Dados (RGPD), você tem o direito de acessar, retificar, apagar e opor-se ao processamento de seus dados pessoais. Para exercer esse direito, entre em contato conosco pelo endereço: contact@alxgroup.com</p>

<h2>6. Links Externos</h2>
<p>Este site contém links para sites externos. Não nos responsabilizamos pelo conteúdo desses sites externos nem por suas políticas de privacidade.</p>

<h2>7. Cookies</h2>
<p>Este site pode usar cookies para melhorar a experiência do usuário. Para mais informações, consulte nossa <a href=""https://policies.google.com/privacy?hl=en-US"">Política de Privacidade</a>.

<h2>8. Contato</h2>
<p>Para quaisquer dúvidas sobre estes avisos legais, entre em contato conosco pelo endereço: contact@evanstudio.com</p>","<p>Dernière mise à jour : 2024</p>

<h2>1. Éditeur du site web</h2>

<ul>

<li>Nom de l’entreprise : EVAN STUDIO CO.LTD</li>

<li>Courriel : contact@evanstudio.net</li>

</ul>

<h2>2. Directeur de la publication</h2>

<p>EVAN STUDIO CO.LTD (Directeur et propriétaire)</p>

<h2>3. Hébergement</h2>

<ul>
<li>Hébergeur : Cloudflare</li>

<li>Adresse : 101 Townsend St, San Francisco, CA 94107, États-Unis</li>

</ul>

<h2>4. Propriété intellectuelle</h2>

<p>L’intégralité de ce site web est protégée par la législation française et internationale sur le droit d’auteur et la propriété intellectuelle. Tous les droits de reproduction sont réservés, y compris pour les documents téléchargeables et les représentations iconographiques et photographiques. La reproduction de tout ou partie de ce site web sur quelque support électronique que ce soit est strictement interdite sans l'autorisation expresse du directeur de la publication.

5. Protection des données personnelles

Conformément à la loi Informatique et Libertés du 6 janvier 1978 modifiée et au Règlement général sur la protection des données (RGPD), vous disposez d'un droit d'accès, de rectification, d'effacement et d'opposition au traitement de vos données personnelles. Pour exercer ce droit, vous pouvez nous contacter à l'adresse : contact@alxgroup.com

6. Liens externes

Ce site contient des liens vers des sites web externes. Nous ne sommes pas responsables du contenu de ces sites ni de leurs politiques de confidentialité.

7. Cookies

Ce site peut utiliser des cookies afin d'améliorer votre expérience utilisateur. Pour plus d'informations, veuillez consulter notre <a href=""https://policies.google.com/privacy?hl=en-US"">Politique de confidentialité</a>.</p>

<h2>8. Contact</h2>

<p>Pour toute question concernant ces mentions légales, vous pouvez nous contacter à l'adresse : contact@evanstudio.com</p>",,,,,,,,,,,,,,,,,,,,,,,,,,,,,,,,,,,,,,,,,,,,,,,,,,,
legal.policy.content,Contenu de la page policy,"<p>Last updated: 2024</p>

<h2>1. Introduction</h2>
<p>This privacy policy describes how we collect, use, and protect your personal information when you use our website.</p>

<h2>2. Data Collected</h2>
<ul>
    <li>Browsing data: IP address, browser type, pages visited, visit duration</li>
    <li>Cookies: to improve your user experience and analyze traffic</li>
    <li>Contact data: if you contact us via the form or email</li>
</ul>

<h2>3. Use of Data</h2>
<ul>
    <li>Improve the website's functionality</li>
    <li>Analyze website traffic and usage</li>
    <li>Contact you in response to your inquiries</li>
    <li>Comply with our legal obligations</li>
</ul>

<h2>4. Cookies</h2>
<ul>
    <li>Remember your preferences</li>
    <li>Analyze website traffic</li>
    <li>Improve the user experience</li>
</ul>
<p>You can disable cookies in your browser settings, but this may affect some website functionality.</p>

<h2>5. Data Sharing</h2>
<p>We do not sell, rent, or share your personal data with third parties, except:</p>
<ul>
    <li>When required by law</li>
    <li>With your explicit consent</li>
    <li>With our service providers (hosting, analytics) under a confidentiality agreement</li>
</ul>

<h2>6. Data Security</h2>
<p>We implement appropriate security measures to protect your personal data against unauthorized access, modification, disclosure, or destruction.</p>

<h2>7. Your Rights (GDPR)</h2>
<ul>
    <li>Right of access: you can request a copy of your personal data</li>
    <li>Right to rectification: you can correct your inaccurate data</li>
    <li>Right to erasure: you can request the deletion of your data</li>
    <li>Right to object: You can object to the processing of your personal data under certain circumstances.</li>
</ul>","<p>Última atualização: 2024</p>

<h2>1. Introdução</h2>
<p>Esta política de privacidade descreve como coletamos, usamos e protegemos suas informações pessoais quando você usa nosso site.</p>

<h2>2. Dados coletados</h2>
<ul>

<li>Dados de navegação: endereço IP, tipo de navegador, páginas visitadas, duração da visita</li>

<li>Cookies: para melhorar sua experiência de usuário e analisar o tráfego</li>

<li>Dados de contato: se você entrar em contato conosco por meio do formulário ou e-mail</li>
</ul>

<h2>3. Uso dos dados</h2>
<ul>

<li>Aprimorar a funcionalidade do site</li>

<li>Analisar o tráfego e o uso do site</li>

<li>Entrar em contato com você em resposta às suas perguntas</li>

<li>Cumprir nossas obrigações legais</li>
</ul>

<h2>4. Cookies</h2>
<ul>
<li>Lembrar suas preferências</li>

<li>Analisar o tráfego do site</li>

<li>Melhorar a experiência do usuário</li>
</ul>
<p>Você pode desativar os cookies nas configurações do seu navegador, mas isso pode afetar algumas funcionalidades do site.</p>

<h2>5. Compartilhamento de Dados</h2>
<p>Não vendemos, alugamos ou compartilhamos seus dados pessoais com terceiros, exceto:</p>
<ul>
<li>Quando exigido por lei</li>
<li>Com seu consentimento explícito</li>
<li>Com nossos provedores de serviços (hospedagem, análise) sob um acordo de confidencialidade</li>
</ul>

<h2>6. Segurança de Dados</h2>
<p>Implementamos medidas de segurança adequadas para proteger seus dados pessoais contra acesso, modificação, divulgação ou destruição não autorizados.</p>

<h2>7. Seus direitos (RGPD)</h2>
<ul>
<li>Direito de acesso: você pode solicitar uma cópia dos seus dados pessoais</li>
<li>Direito de retificação: você pode corrigir seus dados incorretos</li>
<li>Direito ao apagamento: você pode solicitar a exclusão dos seus dados</li>
<li>Direito de oposição: você pode se opor ao processamento dos seus dados pessoais em determinadas circunstâncias.</li>
</ul>","<p>Dernière mise à jour : 2024</p>

<h2>1. Introduction</h2>

<p>Cette politique de confidentialité décrit comment nous recueillons, utilisons et protégeons vos données personnelles lorsque vous utilisez notre site web.</p>

<h2>2. Données collectées</h2>

<ul>
<li>Données de navigation : adresse IP, type de navigateur, pages consultées, durée des visites</li>

<li>Cookies : pour améliorer votre expérience utilisateur et analyser le trafic</li>

<li>Données de contact : si vous nous contactez via le formulaire ou par e-mail</li>

</ul>

<h2>3. Utilisation des données</h2>

<ul>
<li>Améliorer les fonctionnalités du site web</li>

<li>Analyser le trafic et l’utilisation du site web</li>

<li>Répondre à vos demandes</li>

<li>Respecter nos obligations légales</li>

</ul>

<h2>4. Cookies</h2>

<ul>
<li>Mémoriser vos préférences</li>

<li>Analyser le trafic du site web</li>

<li>Améliorer l'expérience utilisateur</li>

</ul>
<p>Vous pouvez désactiver les cookies dans les paramètres de votre navigateur, mais cela peut affecter certaines fonctionnalités du site web.</p>

<h2>5. Partage des données</h2>

<p>Nous ne vendons, ne louons ni ne partageons vos données personnelles avec des tiers, sauf :</p>

<ul>
<li>Lorsque la loi l'exige</li>

<li>Avec votre consentement explicite</li>

<li>Avec nos prestataires de services (hébergement, analyse) dans le cadre d'un accord de confidentialité</li>

</ul>

<h2>6. Sécurité des données</h2>

<p>Nous mettons en œuvre des mesures de sécurité appropriées pour protéger vos données personnelles contre tout accès, modification, divulgation ou destruction non autorisés.</p>

<h2>7. Vos droits (RGPD)</h2>

<ul>

<li>Droit d'accès : vous pouvez demander une copie de vos données personnelles</li>

<li>Droit de rectification : vous pouvez corriger vos données inexactes</li>

<li>Droit à l'effacement : vous pouvez demander la suppression de vos données</li>

<li>Droit d'opposition : vous pouvez vous opposer au traitement de vos données personnelles dans certaines circonstances.</li>
</ul>",,,,,,,,,,,,,,,,,,,,,,,,,,,,,,,,,,,,,,,,,,,,,,,,,,,
legal.aboutus.content,Contenu de la page about us," <h1>The Bafang Story - Powering the E-Mobility Revolution</h1>

    <p>Bafang is more than just a manufacturer of e-bike components; they are a driving force behind the global e-bike movement, committed to making electric cycling accessible, enjoyable, and reliable for everyone—from the daily commuter to the dedicated mountain biker.</p>

    <h2>Our History: From Humble Beginnings to Global Leader</h2>

    <p>The Bafang story is a testament to dedication and forward-thinking engineering.</p>

    <p>Bafang was founded in 2003 in Suzhou, China, with a clear, ambitious goal: to develop and produce the highest quality components for electric bikes and scooters. In the early days, the e-bike market was nascent, but Bafang's founders saw the incredible potential for electric assist technology to change transportation.</p>

    <p>Right from the start, Bafang focused intensely on <strong>R&D and vertical integration</strong>. This commitment allowed them to control every stage of the manufacturing process, from design concept to final assembly, ensuring unmatched quality and consistency.</p>

    <p>Over the next two decades, Bafang's reputation grew rapidly based on the reliability and robustness of their products, leading to major milestones:</p>
    <ul>
        <li><strong>Pioneering Mid-Drive Systems:</strong> Bafang became globally recognized for their powerful and versatile mid-drive motor series (like the popular BBS and M series), which redefined performance and integration in e-bikes.</li>
        <li><strong>Global Expansion:</strong> With design centers in Europe and a vast manufacturing network, Bafang became a truly international company, supplying their components to bike brands and enthusiasts across every continent.</li>
    </ul>

    <h2>Our Vision: A Greener, More Accessible Future</h2>

    <p>Bafang's vision extends beyond the workshop. They are committed to:</p>
    <ul>
        <li><strong>Sustainable Mobility:</strong> By promoting electric cycling, Bafang contributes directly to reducing traffic congestion, decreasing carbon emissions, and encouraging healthier, active lifestyles.</li>
        <li><strong>Technological Accessibility:</strong> They strive to create components that are not only high-performing but also affordable, allowing more people worldwide to experience the joy and utility of electric bikes.</li>
    </ul>

    <h2>The Technology Behind the Power</h2>

    <p>What truly sets Bafang apart is their commitment to sophisticated, user-focused engineering across their complete product portfolio, which includes <strong>Hub Motors, Mid-Drive Systems, Batteries, Controllers, and HMI (Human-Machine Interface)</strong> displays.</p>

    <h3>The Power of the Mid-Drive</h3>
    <p>Bafang is most celebrated for its mid-drive systems, which are engineered for optimal performance:</p>
    <ul>
        <li><strong>Efficiency:</strong> By powering the bike's drivetrain directly through the chain, the motor can utilize the bike’s gears. This allows the motor to operate at its most efficient RPM, delivering high torque and superior hill-climbing ability while consuming less power.</li>
        <li><strong>Balance:</strong> Positioning the motor centrally and low on the frame maintains the bike's center of gravity, resulting in balanced handling and a natural cycling feel.</li>
        <li><strong>Reliability:</strong> Bafang motors are renowned for their rugged, durable design, capable of handling extreme weather and demanding terrains.</li>
    </ul>

    <h2>Bafang: Our Commitment to You</h2>

    <p>We are dedicated to bringing the quality and innovation of Bafang directly to you. We choose Bafang because we share their commitment to excellence.</p>

    <p>When you choose a Bafang-powered product from us, you are investing in:</p>
    <ul>
        <li><strong>Proven Reliability:</strong> Components that have been rigorously tested and trusted by millions of riders globally.</li>
        <li><strong>Leading Performance:</strong> Access to the latest e-bike motor and battery technology.</li>
        <li><strong>Exceptional Value:</strong> The perfect balance of premium quality and competitive pricing.</li>
    </ul>

    <p><strong>Join the e-mobility revolution. Experience the Bafang difference today!</strong></p>
","<h1>A História da Bafang - Impulsionando a Revolução da Mobilidade Elétrica</h1>

<p>A Bafang é mais do que apenas uma fabricante de componentes para bicicletas elétricas; ela é uma força motriz por trás do movimento global de bicicletas elétricas, comprometida em tornar o ciclismo elétrico acessível, agradável e confiável para todos — desde o ciclista urbano até o ciclista de montanha dedicado.</p>

<h2>Nossa História: De Origens Humildes à Liderança Global</h2>

<p>A história da Bafang é um testemunho de dedicação e engenharia inovadora.</p>

<p>A Bafang foi fundada em 2003 em Suzhou, China, com um objetivo claro e ambicioso: desenvolver e produzir componentes da mais alta qualidade para bicicletas e scooters elétricas. No início, o mercado de bicicletas elétricas era incipiente, mas os fundadores da Bafang enxergaram o incrível potencial da tecnologia de assistência elétrica para transformar o transporte.</p>

<p>Desde o início, a Bafang se concentrou intensamente em <strong>P&D e integração vertical</strong>. Esse compromisso permitiu que eles controlassem cada etapa do processo de fabricação, desde a concepção do design até a montagem final, garantindo qualidade e consistência incomparáveis.

<p>Ao longo das duas décadas seguintes, a reputação da Bafang cresceu rapidamente com base na confiabilidade e robustez de seus produtos, levando a importantes conquistas:</p>

<ul>
<li><strong>Sistemas de acionamento central pioneiros:</strong> A Bafang tornou-se mundialmente reconhecida por suas potentes e versáteis séries de motores de acionamento central (como as populares séries BBS e M), que redefiniram o desempenho e a integração em bicicletas elétricas.</li>

<li><strong>Expansão global:</strong> Com centros de design na Europa e uma vasta rede de fabricação, a Bafang tornou-se uma empresa verdadeiramente internacional, fornecendo seus componentes para marcas de bicicletas e entusiastas em todos os continentes.</li>

</ul>

<h2>Nossa visão: Um futuro mais verde e acessível</h2>

<p>A visão da Bafang vai além da oficina. Eles estão comprometidos com:</p>

<ul>
<li><strong>Mobilidade Sustentável:</strong> Ao promover o ciclismo elétrico, a Bafang contribui diretamente para a redução do congestionamento do trânsito, a diminuição das emissões de carbono e o incentivo a estilos de vida mais saudáveis ​​e ativos.</li>

<li><strong>Acessibilidade Tecnológica:</strong> Eles se esforçam para criar componentes que não sejam apenas de alto desempenho, mas também acessíveis, permitindo que mais pessoas em todo o mundo experimentem a alegria e a utilidade das bicicletas elétricas.</li>

</ul>

<h2>A Tecnologia por Trás da Potência</h2>

<p>O que realmente diferencia a Bafang é o seu compromisso com a engenharia sofisticada e focada no usuário em todo o seu portfólio de produtos, que inclui <strong>Motores de Cubo, Sistemas de Transmissão Central, Baterias, Controladores e telas HMI (Interface Homem-Máquina).</strong>

<h3>A Potência da Transmissão Central</h3>

<p>A Bafang é mais conhecida por seus sistemas de transmissão central, projetados para desempenho ideal:</p>
<ul>
<li><strong>Eficiência:</strong> Ao alimentar a transmissão da bicicleta diretamente através da corrente, o motor pode utilizar as marchas da bicicleta. Isso permite que o motor opere em sua rotação por minuto (RPM) mais eficiente, fornecendo alto torque e capacidade superior de subida, consumindo menos energia.</li>
<li><strong>Equilíbrio:</strong> Posicionar o motor centralmente e na parte inferior do quadro mantém o centro de gravidade da bicicleta, resultando em uma condução equilibrada e uma sensação natural ao pedalar.</li>
<li><strong>Confiabilidade:</strong> Os motores Bafang são reconhecidos por seu design robusto e durável, capazes de suportar condições climáticas extremas e terrenos exigentes.</li>
</ul>

<h2>Bafang: Nosso Compromisso com Você</h2>

<p>Nos dedicamos a levar a qualidade e a inovação da Bafang diretamente para você.</p> Escolhemos a Bafang porque compartilhamos seu compromisso com a excelência.

Ao escolher um produto com motor Bafang, você está investindo em:

<ul>
<li><strong>Confiabilidade comprovada:</strong> Componentes rigorosamente testados e aprovados por milhões de ciclistas em todo o mundo.</li>

<li><strong>Desempenho de ponta:</strong> Acesso à mais recente tecnologia de motores e baterias para bicicletas elétricas.</li>

<li><strong>Valor excepcional:</strong> O equilíbrio perfeito entre qualidade premium e preço competitivo.</li>

</ul>

<p><strong>Junte-se à revolução da mobilidade elétrica. Experimente a diferença Bafang hoje mesmo!</strong></p>","id=""about-bafang"">",,,,,,,,,,,,,,,,,,,,,,,,,,,,,,,,,,,,,,,,,,,,,,,,,,,
,,,#VALUE!,,,,,,,,,,,,,,,,,,,,,,,,,,,,,,,,,,,,,,,,,,,,,,,,,,,,
,,,#VALUE!,,,,,,,,,,,,,,,,,,,,,,,,,,,,,,,,,,,,,,,,,,,,,,,,,,,,
,,,#VALUE!,,,,,,,,,,,,,,,,,,,,,,,,,,,,,,,,,,,,,,,,,,,,,,,,,,,,
footer.copyright,Texte copyright footer,© 2024 AliExpress Affiliate. All rights reserved.,© 2024 AliExpress Affiliate. Todos os direitos reservados.,© 2024 Partenaire AliExpress. Tous droits réservés.,,,,,,,,,,,,,,,,,,,,,,,,,,,,,,,,,,,,,,,,,,,,,,,,,,,
footer.contact,Texte contact footer,Contact us:,Contate-nos:,Contactez-nous:,,,,,,,,,,,,,,,,,,,,,,,,,,,,,,,,,,,,,,,,,,,,,,,,,,,
site.domain,Domaine du site (URL de base),https://bafang-shop.com,https://bafang-shop.com,https://bafang-shop.com,,,,,,,,,,,,,,,,,,,,,,,,,,,,,,,,,,,,,,,,,,,,,,,,,,,
site.contact.email,Adresse email de contact,contact@evanstudio.net,contact@evanstudio.net,contact@evanstudio.net,,,,,,,,,,,,,,,,,,,,,,,,,,,,,,,,,,,,,,,,,,,,,,,,,,,
,,,#VALUE!,,,,,,,,,,,,,,,,,,,,,,,,,,,,,,,,,,,,,,,,,,,,,,,,,,,,
,,,#VALUE!,,,,,,,,,,,,,,,,,,,,,,,,,,,,,,,,,,,,,,,,,,,,,,,,,,,,
,,</head>,</head>,</head>,transportation.</p>,transportation.</p>,transportation.</p>,transportation.</p>,transportation.</p>,transportation.</p>,transportation.</p>,transportation.</p>,transportation.</p>,transportation.</p>,transportation.</p>,transportation.</p>,transportation.</p>,transportation.</p>,transportation.</p>,transportation.</p>,transportation.</p>,transportation.</p>,transportation.</p>,transportation.</p>,transportation.</p>,transportation.</p>,transportation.</p>,transportation.</p>,transportation.</p>,transportation.</p>,transportation.</p>,transportation.</p>,transportation.</p>,transportation.</p>,transportation.</p>,transportation.</p>,transportation.</p>,transportation.</p>,transportation.</p>,transportation.</p>,transportation.</p>,transportation.</p>,transportation.</p>,transportation.</p>,transportation.</p>,transportation.</p>,transportation.</p>,transportation.</p>,transportation.</p>,transportation.</p>,transportation.</p>,transportation.</p>,transportation.</p>,transportation.</p>,transportation.</p>
,,<body>,<body>,<corps>,,,,,,,,,,,,,,,,,,,,,,,,,,,,,,,,,,,,,,,,,,,,,,,,,,,
,,,#VALUE!,,,,,,,,,,,,,,,,,,,,,,,,,,,,,,,,,,,,,,,,,,,,,,,,,,,,
,,,#VALUE!,,,,,,,,,,,,,,,,,,,,,,,,,,,,,,,,,,,,,,,,,,,,,,,,,,,,
,,,#VALUE!,,,,,,,,,,,,,,,,,,,,,,,,,,,,,,,,,,,,,,,,,,,,,,,,,,,,
,Index,,#VALUE!,,,,,,,,,,,,,,,,,,,,,,,,,,,,,,,,,,,,,,,,,,,,,,,,,,,,
,,,#VALUE!,,,,,,,,,,,,,,,,,,,,,,,,,,,,,,,,,,,,,,,,,,,,,,,,,,,,
site.meta.title,Titre SEO du site (page d'accueil),Bafang Electric Bike Motors & Parts – Official Store,Motores e peças para bicicletas elétricas Bafang – Loja oficial,Programme d'affiliation AliExpress - Meilleurs produits,,,,,,,,,,,,,,,,,,,,,,,,,,,,,,,,,,,,,,,,,,,,,,,,,,,
site.meta.description,Description SEO du site (page d'accueil),"Discover Bafang e-bike motors, batteries, and accessories. High-performance, reliable components for electric bikes. Fast shipping and quality guaranteed.","Descubra os motores, baterias e acessórios Bafang para bicicletas elétricas. Componentes confiáveis ​​e de alto desempenho para bicicletas elétricas. Envio rápido e qualidade garantida.",Découvrez les meilleurs produits MAKITA sur AliExpress grâce à nos liens d'affiliation. Offres exclusives et prix compétitifs.,,,,,,,,,,,,,,,,,,,,,,,,,,,,,,,,,,,,,,,,,,,,,,,,,,,
homepage.hero.title,Titre principal de la page d'accueil (hero),Discover the Best Products of BAFANG,Descubra os melhores produtos da BAFANG,Découvrez les meilleurs produits MAKITA,,,,,,,,,,,,,,,,,,,,,,,,,,,,,,,,,,,,,,,,,,,,,,,,,,,
homepage.hero.subtitle,Sous-titre de la page d'accueil (hero),Exclusive offers and competitive prices for all your needs,Ofertas exclusivas e preços competitivos para todas as suas necessidades.,Des offres exclusives et des prix compétitifs pour tous vos besoins,,,,,,,,,,,,,,,,,,,,,,,,,,,,,,,,,,,,,,,,,,,,,,,,,,,
homepage.hero.button,Texte du bouton hero,View Products,Ver produtos,Voir les produits,,,,,,,,,,,,,,,,,,,,,,,,,,,,,,,,,,,,,,,,,,,,,,,,,,,
homepage.hero.button.url,URL du lien du bouton hero,https://www.aliexpress.com/store/1103590012?spm=a2g0o.detail.0.0.133b4nTV4nTVgS&sortType=bestmatch_sort,https://www.aliexpress.com/store/1103590012?spm=a2g0o.detail.0.0.133b4nTV4nTVgS&sortType=bestmatch_sort,https://www.aliexpress.com/store/1104758161/pages/all-items.html?spm=a2g0o.store_pc_home.pcShopHead_2012153514384.99&sortType=bestmatch_sort&shop_sortType=bestmatch_sort,,,,,,,,,,,,,,,,,,,,,,,,,,,,,,,,,,,,,,,,,,,,,,,,,,,
,,,#VALUE!,,,,,,,,,,,,,,,,,,,,,,,,,,,,,,,,,,,,,,,,,,,,,,,,,,,,
,,,#VALUE!,,,,,,,,,,,,,,,,,,,,,,,,,,,,,,,,,,,,,,,,,,,,,,,,,,,,
,,,#VALUE!,,,,,,,,,,,,,,,,,,,,,,,,,,,,,,,,,,,,,,,,,,,,,,,,,,,,
,,,#VALUE!,,,,,,,,,,,,,,,,,,,,,,,,,,,,,,,,,,,,,,,,,,,,,,,,,,,,
,,,#VALUE!,,,,,,,,,,,,,,,,,,,,,,,,,,,,,,,,,,,,,,,,,,,,,,,,,,,,
,,,#VALUE!,,,,,,,,,,,,,,,,,,,,,,,,,,,,,,,,,,,,,,,,,,,,,,,,,,,,
,,,#VALUE!,,,,,,,,,,,,,,,,,,,,,,,,,,,,,,,,,,,,,,,,,,,,,,,,,,,,
,,,#VALUE!,,,,,,,,,,,,,,,,,,,,,,,,,,,,,,,,,,,,,,,,,,,,,,,,,,,,
,,,#VALUE!,,,,,,,,,,,,,,,,,,,,,,,,,,,,,,,,,,,,,,,,,,,,,,,,,,,,
,,,#VALUE!,,,,,,,,,,,,,,,,,,,,,,,,,,,,,,,,,,,,,,,,,,,,,,,,,,,,
,,,#VALUE!,,,,,,,,,,,,,,,,,,,,,,,,,,,,,,,,,,,,,,,,,,,,,,,,,,,,
,,,#VALUE!,,,,,,,,,,,,,,,,,,,,,,,,,,,,,,,,,,,,,,,,,,,,,,,,,,,,
,,,#VALUE!,,,,,,,,,,,,,,,,,,,,,,,,,,,,,,,,,,,,,,,,,,,,,,,,,,,,
,,,#VALUE!,,,,,,,,,,,,,,,,,,,,,,,,,,,,,,,,,,,,,,,,,,,,,,,,,,,,
,,,#VALUE!,,,,,,,,,,,,,,,,,,,,,,,,,,,,,,,,,,,,,,,,,,,,,,,,,,,,
,,,#VALUE!,,,,,,,,,,,,,,,,,,,,,,,,,,,,,,,,,,,,,,,,,,,,,,,,,,,,
,,,#VALUE!,,,,,,,,,,,,,,,,,,,,,,,,,,,,,,,,,,,,,,,,,,,,,,,,,,,,
,,,#VALUE!,,,,,,,,,,,,,,,,,,,,,,,,,,,,,,,,,,,,,,,,,,,,,,,,,,,,
,,,#VALUE!,,,,,,,,,,,,,,,,,,,,,,,,,,,,,,,,,,,,,,,,,,,,,,,,,,,,
,,,#VALUE!,,,,,,,,,,,,,,,,,,,,,,,,,,,,,,,,,,,,,,,,,,,,,,,,,,,,
,presentation,,#VALUE!,,,,,,,,,,,,,,,,,,,,,,,,,,,,,,,,,,,,,,,,,,,,,,,,,,,,
,,,#VALUE!,,,,,,,,,,,,,,,,,,,,,,,,,,,,,,,,,,,,,,,,,,,,,,,,,,,,
homepage.presentation.title,Titre de la section présentation marque,About BAFANG,Sobre a BAFANG,À propos de MAKITA,,,,,,,,,,,,,,,,,,,,,,,,,,,,,,,,,,,,,,,,,,,,,,,,,,,
homepage.presentation.content,Contenu de la section présentation marque,"Bafang is a global leader in e-mobility solutions, specializing in high-performance electric bike systems. Founded in 2003, the company designs and manufactures motors, batteries, controllers, and complete drive systems trusted by brands worldwide. With a strong commitment to innovation, quality, and riding comfort, Bafang delivers reliable technology for commuters, adventurers, and e-bike manufacturers. Its products combine efficiency, durability, and smooth power delivery to enhance every cycling experience.","A Bafang é líder global em soluções de mobilidade elétrica, especializada em sistemas de alto desempenho para bicicletas elétricas. Fundada em 2003, a empresa projeta e fabrica motores, baterias, controladores e sistemas de transmissão completos, utilizados por marcas em todo o mundo. Com um forte compromisso com a inovação, a qualidade e o conforto ao pedalar, a Bafang oferece tecnologia confiável para quem usa a bicicleta para ir ao trabalho, para aventureiros e para fabricantes de bicicletas elétricas. Seus produtos combinam eficiência, durabilidade e entrega de potência suave para aprimorar cada experiência de ciclismo.","Makita est une marque japonaise leader dans le secteur mondial de l'outillage électroportatif, reconnue pour son innovation, sa robustesse et ses performances professionnelles exceptionnelles. Fondée au Japon il y a plus d'un siècle, Makita s'est forgée une solide réputation en créant des outils alliant technologie de pointe, confort ergonomique et fiabilité hors pair. Sa vaste gamme comprend des perceuses, des meuleuses d'angle, des scies, des batteries et des accessoires conçus pour les professionnels et les bricoleurs exigeants. Chaque outil Makita est conçu pour offrir puissance, précision et une efficacité durable, garantissant des résultats optimaux sur tous les chantiers. En mettant l'accent sur la sécurité, le confort d'utilisation et la productivité, Makita demeure un partenaire de confiance pour la construction, la rénovation, le travail du bois et les applications industrielles dans le monde entier.",,,,,,,,,,,,,,,,,,,,,,,,,,,,,,,,,,,,,,,,,,,,,,,,,,,
,,,#VALUE!,,,,,,,,,,,,,,,,,,,,,,,,,,,,,,,,,,,,,,,,,,,,,,,,,,,,
,,,#VALUE!,,,,,,,,,,,,,,,,,,,,,,,,,,,,,,,,,,,,,,,,,,,,,,,,,,,,
,,,#VALUE!,,,,,,,,,,,,,,,,,,,,,,,,,,,,,,,,,,,,,,,,,,,,,,,,,,,,
,,,#VALUE!,,,,,,,,,,,,,,,,,,,,,,,,,,,,,,,,,,,,,,,,,,,,,,,,,,,,
,,,#VALUE!,,,,,,,,,,,,,,,,,,,,,,,,,,,,,,,,,,,,,,,,,,,,,,,,,,,,
,,,#VALUE!,,,,,,,,,,,,,,,,,,,,,,,,,,,,,,,,,,,,,,,,,,,,,,,,,,,,
homepage.advantages.title,Titre de la section avantages,</section>,</section>,Pourquoi nous choisir ?,,,,,,,,,,,,,,,,,,,,,,,,,,,,,,,,,,,,,,,,,,,,,,,,,,,
homepage.advantages.factory_price.title,Titre avantage: Prix Direct Usine,Factory Direct Price,Preço direto da fábrica,Prix ​​direct usine,,,,,,,,,,,,,,,,,,,,,,,,,,,,,,,,,,,,,,,,,,,,,,,,,,,
homepage.advantages.factory_price.description,Description avantage: Prix Direct Usine,Benefit from factory-direct pricing without intermediaries.,"Aproveite os preços direto da fábrica, sem intermediários.","Bénéficiez de prix directs d'usine, sans intermédiaires.",,,,,,,,,,,,,,,,,,,,,,,,,,,,,,,,,,,,,,,,,,,,,,,,,,,
homepage.advantages.worldwide_shipping.title,Titre avantage: Livraison Mondiale,Worldwide Delivery,Entrega mundial,Livraison internationale,,,,,,,,,,,,,,,,,,,,,,,,,,,,,,,,,,,,,,,,,,,,,,,,,,,
homepage.advantages.worldwide_shipping.description,Description avantage: Livraison Mondiale,Worldwide delivery for all your needs,Entrega mundial para todas as suas necessidades.,Livraison dans le monde entier pour tous vos besoins,,,,,,,,,,,,,,,,,,,,,,,,,,,,,,,,,,,,,,,,,,,,,,,,,,,
homepage.advantages.customer_service.title,Titre avantage: Service Après-Vente Réactif,Responsive After-Sales Service,Serviço pós-venda ágil,Service après-vente réactif,,,,,,,,,,,,,,,,,,,,,,,,,,,,,,,,,,,,,,,,,,,,,,,,,,,
homepage.advantages.customer_service.description,Description avantage: Service Après-Vente Réactif,A responsive and available after-sales service to assist you,Um serviço pós-venda ágil e disponível para lhe auxiliar.,Un service après-vente réactif et disponible pour vous assister,,,,,,,,,,,,,,,,,,,,,,,,,,,,,,,,,,,,,,,,,,,,,,,,,,,
homepage.advantages.secure_payment.title,Titre avantage: Paiement Sécurisé,Secure Payment,Pagamento seguro,Paiement sécurisé,,,,,,,,,,,,,,,,,,,,,,,,,,,,,,,,,,,,,,,,,,,,,,,,,,,
homepage.advantages.secure_payment.description,Description avantage: Paiement Sécurisé,Secure payment by credit card with maximum protection,Pagamento seguro com cartão de crédito com máxima proteção.,Paiement sécurisé par carte bancaire avec protection maximale,,,,,,,,,,,,,,,,,,,,,,,,,,,,,,,,,,,,,,,,,,,,,,,,,,,
homepage.faq.title,Titre de la section FAQ,Frequently Asked Questions,Perguntas frequentes,Foire aux questions,,,,,,,,,,,,,,,,,,,,,,,,,,,,,,,,,,,,,,,,,,,,,,,,,,,
homepage.categories.title,Titre de la section catégories,Our Categories,Nossas categorias,Nos catégories,,,,,,,,,,,,,,,,,,,,,,,,,,,,,,,,,,,,,,,,,,,,,,,,,,,
homepage.testimonials.title,Titre de la section témoignages,Customer Reviews,Avaliações de clientes,Avis clients,,,,,,,,,,,,,,,,,,,,,,,,,,,,,,,,,,,,,,,,,,,,,,,,,,,
homepage.stats.title,Titre de la section statistiques,Our Key Figures,Nossos principais indicadores,Nos chiffres clés,,,,,,,,,,,,,,,,,,,,,,,,,,,,,,,,,,,,,,,,,,,,,,,,,,,
homepage.stats.products.number,Nombre de produits,420+,420+,1120+,,,,,,,,,,,,,,,,,,,,,,,,,,,,,,,,,,,,,,,,,,,,,,,,,,,
homepage.stats.products.label,Label produits,Products Available,Produtos disponíveis,Produits disponibles,,,,,,,,,,,,,,,,,,,,,,,,,,,,,,,,,,,,,,,,,,,,,,,,,,,
homepage.stats.countries.number,Nombre de pays,100+,Mais de 100,110+,,,,,,,,,,,,,,,,,,,,,,,,,,,,,,,,,,,,,,,,,,,,,,,,,,,
homepage.stats.countries.label,Label pays,Country of Delivery,País de entrega,Pays de livraison,,,,,,,,,,,,,,,,,,,,,,,,,,,,,,,,,,,,,,,,,,,,,,,,,,,
homepage.stats.satisfaction.number,Taux de satisfaction,98%,98%,98%,,,,,,,,,,,,,,,,,,,,,,,,,,,,,,,,,,,,,,,,,,,,,,,,,,,
homepage.stats.satisfaction.label,Label satisfaction,Customer Satisfaction,Satisfação do Cliente,Satisfaction client,,,,,,,,,,,,,,,,,,,,,,,,,,,,,,,,,,,,,,,,,,,,,,,,,,,
homepage.stats.support.number,Support client,24/7,"24 horas por dia, 7 dias por semana",24h/24 et 7j/7,,,,,,,,,,,,,,,,,,,,,,,,,,,,,,,,,,,,,,,,,,,,,,,,,,,
homepage.stats.support.label,Label support,Customer Service,Atendimento ao Cliente,Service client,,,,,,,,,,,,,,,,,,,,,,,,,,,,,,,,,,,,,,,,,,,,,,,,,,,
homepage.testimonials.1.name,Nom du témoignage 1,David K.,David K.,David K.,,,,,,,,,,,,,,,,,,,,,,,,,,,,,,,,,,,,,,,,,,,,,,,,,,,
homepage.testimonials.1.text,Texte du témoignage 1,"Excellent service! I ordered a Bafang BBS02 mid-drive motor and I am very satisfied. The quality is excellent, the delivery was fast and the packaging was neat. The motor performs exactly as described and has transformed my bike into a powerful e-bike. I recommend without hesitation.","Excelente serviço! Comprei um motor central Bafang BBS02 e estou muito satisfeito. A qualidade é excelente, a entrega foi rápida e a embalagem impecável. O motor funciona exatamente como descrito e transformou minha bicicleta em uma potente e-bike. Recomendo sem hesitar.","Service impeccable ! J'ai commandé un moteur Bafang BBS02 et j'en suis très satisfait. La qualité est excellente, la livraison a été rapide et l'emballage soigné. Le moteur fonctionne parfaitement et a transformé mon vélo en un vélo électrique puissant. Je le recommande sans hésiter.",,,,,,,,,,,,,,,,,,,,,,,,,,,,,,,,,,,,,,,,,,,,,,,,,,,
homepage.testimonials.2.name,Nom du témoignage 2,Sarah M.,Sarah M.,Sarah M.,,,,,,,,,,,,,,,,,,,,,,,,,,,,,,,,,,,,,,,,,,,,,,,,,,,
homepage.testimonials.2.text,Texte du témoignage 2,"Excellent value for money. I bought a Bafang 48V battery and everything matches the description. The battery is powerful, durable, and provides excellent range. Delivery was on time and the product exceeded my expectations.","Excelente custo-benefício. Comprei uma bateria Bafang de 48V e tudo corresponde à descrição. A bateria é potente, durável e oferece excelente autonomia. A entrega foi pontual e o produto superou minhas expectativas.","Excellent rapport qualité-prix. J'ai acheté une batterie Bafang 48V et elle correspond parfaitement à la description. La batterie est puissante, robuste et offre une excellente autonomie. La livraison a été effectuée dans les délais et le produit a dépassé mes attentes.",,,,,,,,,,,,,,,,,,,,,,,,,,,,,,,,,,,,,,,,,,,,,,,,,,,
homepage.testimonials.3.name,Nom du témoignage 3,Michael R.,Michael R.,Michael R.,,,,,,,,,,,,,,,,,,,,,,,,,,,,,,,,,,,,,,,,,,,,,,,,,,,
homepage.testimonials.3.text,Texte du témoignage 3,"Perfect! I ordered several Bafang components to build my e-bike. All the products are of very good quality, the prices are competitive, and the delivery went smoothly. The components are professional-grade and have significantly improved my cycling experience. I will be back!","Perfeito! Encomendei vários componentes Bafang para montar minha bicicleta elétrica. Todos os produtos são de ótima qualidade, os preços são competitivos e a entrega foi tranquila. Os componentes são de nível profissional e melhoraram significativamente minha experiência de ciclismo. Voltarei a comprar!","Parfait ! J'ai commandé plusieurs composants Bafang pour construire mon vélo électrique. Tous les produits sont d'excellente qualité, les prix sont compétitifs et la livraison s'est déroulée sans problème. Les composants sont de qualité professionnelle et ont considérablement amélioré mon expérience de cyclisme. Je repasserai commande !",,,,,,,,,,,,,,,,,,,,,,,,,,,,,,,,,,,,,,,,,,,,,,,,,,,
homepage.testimonials.4.name,Nom du témoignage 4,Emma T.,Emma T.,Emma T.,,,,,,,,,,,,,,,,,,,,,,,,,,,,,,,,,,,,,,,,,,,,,,,,,,,
homepage.testimonials.4.text,Texte du témoignage 4,Responsive customer service and quality products. I had a quick question about Bafang motor compatibility and received a prompt reply. The components perfectly match the photos and descriptions. The build quality is outstanding and they perform exactly as expected. Very satisfied with my purchase!,Atendimento ao cliente ágil e produtos de qualidade. Tinha uma dúvida rápida sobre a compatibilidade do motor Bafang e recebi uma resposta imediata. Os componentes correspondem perfeitamente às fotos e descrições. A qualidade de construção é excelente e o desempenho é exatamente como esperado. Estou muito satisfeito com a minha compra!,Service client réactif et produits de qualité. J'avais une question rapide concernant la compatibilité d'un moteur Bafang et j'ai reçu une réponse immédiate. Les composants correspondent parfaitement aux photos et aux descriptions. Leur qualité de fabrication est exceptionnelle et ils fonctionnent exactement comme prévu. Je suis très satisfaite de mon achat !,,,,,,,,,,,,,,,,,,,,,,,,,,,,,,,,,,,,,,,,,,,,,,,,,,,
,,,#VALUE!,,,,,,,,,,,,,,,,,,,,,,,,,,,,,,,,,,,,,,,,,,,,,,,,,,,,
,,,#VALUE!,,,,,,,,,,,,,,,,,,,,,,,,,,,,,,,,,,,,,,,,,,,,,,,,,,,,
,,,#VALUE!,,,,,,,,,,,,,,,,,,,,,,,,,,,,,,,,,,,,,,,,,,,,,,,,,,,,
,,,#VALUE!,,,,,,,,,,,,,,,,,,,,,,,,,,,,,,,,,,,,,,,,,,,,,,,,,,,,
,FAQ,,#VALUE!,,,,,,,,,,,,,,,,,,,,,,,,,,,,,,,,,,,,,,,,,,,,,,,,,,,,
homepage.faq.1.question,Question FAQ 1,What are the delivery times?,Quais são os prazos de entrega?,Quels sont les délais de livraison ?,,,,,,,,,,,,,,,,,,,,,,,,,,,,,,,,,,,,,,,,,,,,,,,,,,,
homepage.faq.1.answer,Réponse FAQ 1,"Delivery times vary depending on your location and the seller. Generally, standard delivery takes between 15 and 30 business days. Some sellers offer express delivery (7-15 days) for an additional fee. You can check the exact delivery times on each AliExpress product page before placing your order.","Os prazos de entrega variam dependendo da sua localização e do vendedor. Geralmente, a entrega padrão leva entre 15 e 30 dias úteis. Alguns vendedores oferecem entrega expressa (7 a 15 dias) mediante o pagamento de uma taxa adicional. Você pode verificar os prazos de entrega exatos na página de cada produto no AliExpress antes de fazer seu pedido.","Les délais de livraison varient selon votre lieu de résidence et le vendeur. En général, la livraison standard prend entre 15 et 30 jours ouvrables. Certains vendeurs proposent une livraison express (7 à 15 jours) moyennant un supplément. Vous pouvez consulter les délais de livraison exacts sur chaque page produit AliExpress avant de passer votre commande.",,,,,,,,,,,,,,,,,,,,,,,,,,,,,,,,,,,,,,,,,,,,,,,,,,,
homepage.faq.2.question,Question FAQ 2,What payment methods are accepted?,Quais são os métodos de pagamento aceitos?,Quels sont les modes de paiement acceptés ?,,,,,,,,,,,,,,,,,,,,,,,,,,,,,,,,,,,,,,,,,,,,,,,,,,,
homepage.faq.2.answer,Réponse FAQ 2,"AliExpress accepts several secure payment methods: credit cards (Visa, Mastercard), PayPal, bank transfer, and other methods depending on your country. All payments are secure and protected by AliExpress's Buyer Protection system. You will only be charged once your order has shipped.","O AliExpress aceita diversos métodos de pagamento seguros: cartões de crédito (Visa, Mastercard), PayPal, transferência bancária e outros métodos, dependendo do seu país. Todos os pagamentos são seguros e protegidos pelo sistema de Proteção ao Comprador do AliExpress. Você só será cobrado após o envio do seu pedido.","AliExpress accepte plusieurs modes de paiement sécurisés : cartes bancaires (Visa, Mastercard), PayPal, virement bancaire et autres méthodes selon votre pays. Tous les paiements sont sécurisés et protégés par le système de protection des acheteurs d’AliExpress. Vous ne serez débité qu’une fois votre commande expédiée.",,,,,,,,,,,,,,,,,,,,,,,,,,,,,,,,,,,,,,,,,,,,,,,,,,,
homepage.faq.3.question,Question FAQ 3,Is there a warranty on the products?,Os produtos têm garantia?,Les produits sont-ils garantis ?,,,,,,,,,,,,,,,,,,,,,,,,,,,,,,,,,,,,,,,,,,,,,,,,,,,
homepage.faq.3.answer,Réponse FAQ 3,"Yes, all products sold on AliExpress are covered by the AliExpress Buyer Guarantee. This guarantee covers defective products, products that do not match the description, or products that were not received. You generally have 15 days after receipt to open a dispute if necessary. In addition, many sellers offer their own extended warranties (6 months, 1 year, etc.), which you can find on the product page.","Sim, todos os produtos vendidos no AliExpress são cobertos pela Garantia do Comprador do AliExpress. Essa garantia cobre produtos com defeito, produtos que não correspondem à descrição ou produtos que não foram recebidos. Geralmente, você tem 15 dias após o recebimento para abrir uma disputa, se necessário. Além disso, muitos vendedores oferecem suas próprias garantias estendidas (6 meses, 1 ano, etc.), que você pode encontrar na página do produto.","Oui, tous les produits vendus sur AliExpress sont couverts par la Garantie Acheteur AliExpress. Cette garantie couvre les produits défectueux, les produits non conformes à la description ou les produits non reçus. Vous disposez généralement de 15 jours après réception pour ouvrir un litige si nécessaire. De plus, de nombreux vendeurs proposent leurs propres extensions de garantie (6 mois, 1 an, etc.), que vous trouverez sur la page du produit.",,,,,,,,,,,,,,,,,,,,,,,,,,,,,,,,,,,,,,,,,,,,,,,,,,,
homepage.faq.4.question,Question FAQ 4,What should I do if there's a problem with my order?,O que devo fazer se houver algum problema com meu pedido?,Que dois-je faire en cas de problème avec ma commande ?,,,,,,,,,,,,,,,,,,,,,,,,,,,,,,,,,,,,,,,,,,,,,,,,,,,
homepage.faq.4.answer,Réponse FAQ 4,"If you encounter a problem (defective product, not received, non-compliant), you can open a dispute directly from your AliExpress account in the ""My Orders"" section. AliExpress customer service will assist you in resolving the issue. Most disputes are resolved quickly, often in your favor if you provide the necessary evidence (photos, description of the problem).","Se você encontrar algum problema (produto com defeito, não recebido, não conforme), pode abrir uma disputa diretamente da sua conta AliExpress na seção ""Meus Pedidos"". O atendimento ao cliente do AliExpress ajudará você a resolver o problema. A maioria das disputas é resolvida rapidamente, muitas vezes a seu favor, se você fornecer as evidências necessárias (fotos, descrição do problema).","En cas de problème (produit défectueux, non reçu, non conforme), vous pouvez ouvrir un litige directement depuis votre compte AliExpress, dans la section « Mes commandes ». Le service client d'AliExpress vous aidera à résoudre le problème. La plupart des litiges sont résolus rapidement, souvent en votre faveur si vous fournissez les preuves nécessaires (photos, description du problème).",,,,,,,,,,,,,,,,,,,,,,,,,,,,,,,,,,,,,,,,,,,,,,,,,,,
homepage.faq.5.question,Question FAQ 5,Are the products authentic and of good quality?,Os produtos são autênticos e de boa qualidade?,Les produits sont-ils authentiques et de bonne qualité ?,,,,,,,,,,,,,,,,,,,,,,,,,,,,,,,,,,,,,,,,,,,,,,,,,,,
homepage.faq.5.answer,Réponse FAQ 5,"We select only quality products from verified and positively rated sellers on AliExpress. Each product displays customer reviews and ratings, allowing you to check the quality before purchasing. We recommend reading reviews and checking photos shared by customers to ensure the product meets your expectations.","Selecionamos apenas produtos de qualidade de vendedores verificados e com avaliações positivas no AliExpress. Cada produto exibe avaliações e classificações de clientes, permitindo que você verifique a qualidade antes de comprar. Recomendamos ler as avaliações e verificar as fotos compartilhadas pelos clientes para garantir que o produto atenda às suas expectativas.","Nous sélectionnons uniquement des produits de qualité provenant de vendeurs vérifiés et bien notés sur AliExpress. Chaque produit affiche les avis et les notes des clients, vous permettant ainsi de vérifier sa qualité avant l'achat. Nous vous recommandons de lire les avis et de consulter les photos partagées par les clients afin de vous assurer que le produit correspond à vos attentes.",,,,,,,,,,,,,,,,,,,,,,,,,,,,,,,,,,,,,,,,,,,,,,,,,,,
homepage.bestsellers.title,Titre de la section Best Sellers,Best Sellers,Mais vendidos,Meilleures ventes,,,,,,,,,,,,,,,,,,,,,,,,,,,,,,,,,,,,,,,,,,,,,,,,,,,
button.view_products,"Texte bouton ""Voir les Produits""",View Products,Ver produtos,Voir les produits,,,,,,,,,,,,,,,,,,,,,,,,,,,,,,,,,,,,,,,,,,,,,,,,,,,
button.view_on_aliexpress,"Texte bouton ""Voir sur AliExpress""",View on AliExpress,Veja no AliExpress,Voir sur AliExpress,,,,,,,,,,,,,,,,,,,,,,,,,,,,,,,,,,,,,,,,,,,,,,,,,,,
button.discover_reviews,"Texte bouton ""Découvrez les X avis""",Discover the,Descubra o,Découvrez le,,,,,,,,,,,,,,,,,,,,,,,,,,,,,,,,,,,,,,,,,,,,,,,,,,,
button.positive_reviews,"Texte ""avis positifs sur AliExpress""",Positive reviews on AliExpress,Avaliações positivas no AliExpress,Avis positifs sur AliExpress,,,,,,,,,,,,,,,,,,,,,,,,,,,,,,,,,,,,,,,,,,,,,,,,,,,